timestamp,date,open,high,low,close,volume
1546314300,2019-01-01,1896.00,1910.00,1885.00,1902.80,1094883
1546400700,2019-01-02,1905.00,1934.45,1900.00,1923.30,2100463
1546487100,2019-01-03,1919.00,1944.95,1893.10,1899.95,2611668
1546573500,2019-01-04,1900.00,1901.20,1841.00,1876.85,4280862
1546832700,2019-01-07,1891.80,1908.80,1881.00,1897.90,1856423
1546919100,2019-01-08,1905.40,1906.40,1883.30,1893.55,1691756
1547005500,2019-01-09,1907.40,1919.00,1866.70,1886.95,2414376
1547091900,2019-01-10,1890.00,1905.00,1872.10,1888.55,3053461
1547178300,2019-01-11,1870.00,1875.00,1835.00,1842.55,9209862
1547437500,2019-01-14,1850.00,1851.00,1810.00,1813.25,3615370
1547523900,2019-01-15,1810.00,1869.35,1808.00,1867.80,7711653
1547610300,2019-01-16,1870.00,1875.00,1847.00,1870.15,2359280
1547696700,2019-01-17,1878.00,1898.00,1871.30,1894.30,2625816
1547783100,2019-01-18,1881.00,1904.20,1876.00,1900.65,1683728
1548042300,2019-01-21,1902.00,1932.00,1895.45,1908.70,2409803
1548128700,2019-01-22,1907.10,1918.25,1890.00,1901.90,2457093
1548215100,2019-01-23,1901.00,1906.10,1870.00,1875.60,2578169
1548301500,2019-01-24,1884.80,1905.25,1875.00,1901.55,1962927
1548387900,2019-01-25,1902.00,1935.00,1901.00,1920.80,2327080
1548647100,2019-01-28,1933.00,1962.00,1925.50,1955.00,2769033
1548733500,2019-01-29,1962.00,1989.05,1936.65,1982.75,2557626
1548819900,2019-01-30,1979.60,1989.50,1954.65,1981.40,2429575
1548906300,2019-01-31,1987.00,2019.75,1985.00,2014.10,4094319
1548992700,2019-02-01,2009.50,2034.75,1998.10,2029.95,3064163
1549251900,2019-02-04,2029.95,2055.45,2023.00,2050.25,1590764
1549338300,2019-02-05,2050.00,2055.00,2028.00,2044.55,1111404
1549424700,2019-02-06,2049.90,2086.85,2041.05,2074.80,1789812
1549511100,2019-02-07,2074.75,2097.95,2067.00,2082.90,1339945
1549597500,2019-02-08,2075.00,2089.50,2051.00,2061.40,1684474
1549856700,2019-02-11,2060.00,2096.00,2048.90,2065.90,1778730
1549943100,2019-02-12,2070.00,2070.00,2018.00,2051.60,2422903
1550115900,2019-02-14,2060.05,2075.00,2033.05,2044.60,1724085
1550202300,2019-02-15,2049.00,2052.00,2010.95,2029.70,1930065
1550461500,2019-02-18,2037.60,2041.95,1962.65,1970.30,2942184
1550547900,2019-02-19,1970.00,1971.00,1892.00,1904.80,4408554
1550634300,2019-02-20,1915.00,1933.80,1881.30,1914.75,4645778
1550720700,2019-02-21,1914.75,1940.00,1897.05,1914.20,4683919
1550807100,2019-02-22,1917.20,1930.00,1905.10,1925.65,2271955
1551066300,2019-02-25,1932.50,1990.00,1930.50,1985.15,2934880
1551152700,2019-02-26,1984.00,2045.15,1972.25,2038.70,6453309
1551239100,2019-02-27,2040.00,2074.95,2022.00,2058.10,4732082
1551325500,2019-02-28,2060.00,2071.35,1977.60,1983.45,8454295
1551411900,2019-03-01,1995.05,2005.00,1980.35,1995.40,4148548
1551757500,2019-03-05,2005.00,2007.00,1976.60,1988.10,2449622
1551843900,2019-03-06,1989.30,2015.00,1985.05,1999.60,2635047
1551930300,2019-03-07,2005.00,2024.05,2000.20,2013.30,2539884
1552016700,2019-03-08,2025.00,2033.00,2010.05,2022.70,2031071
1552275900,2019-03-11,2028.90,2033.00,2003.65,2014.80,3111689
1552362300,2019-03-12,2014.05,2024.80,2003.00,2012.45,2658550
1552448700,2019-03-13,2013.00,2015.90,1978.60,2000.50,1833163
1552535100,2019-03-14,2004.95,2007.80,1981.00,1987.40,1905495
1552621500,2019-03-15,1998.90,2068.95,1991.00,2039.95,5184318
1552880700,2019-03-18,2043.00,2064.60,2011.00,2022.80,2349915
1552967100,2019-03-19,2030.00,2030.00,1995.10,2022.80,2373993
1553053500,2019-03-20,2028.00,2044.80,2000.00,2015.05,3091165
1553226300,2019-03-22,2015.00,2016.00,1983.30,2005.65,3148149
1553485500,2019-03-25,2007.80,2007.80,1977.20,1984.25,2429205
1553571900,2019-03-26,1984.00,1994.95,1958.05,1982.65,2316539
1553658300,2019-03-27,1994.00,1998.00,1961.00,1967.90,2266166
1553744700,2019-03-28,1980.00,2014.60,1972.80,2000.30,4054489
1554090300,2019-04-01,2010.00,2039.95,2008.25,2031.65,2095740
1554176700,2019-04-02,2037.10,2086.00,2037.00,2079.30,3719663
1554263100,2019-04-03,2085.00,2089.60,2058.10,2079.30,2939886
1554349500,2019-04-04,2078.15,2079.70,2007.40,2014.50,4397518
1554435900,2019-04-05,2028.65,2054.40,2018.80,2048.30,3152103
1554695100,2019-04-08,2059.00,2075.00,2032.70,2070.75,2194294
1554781500,2019-04-09,2070.00,2098.00,2057.65,2091.50,2690970
1554867900,2019-04-10,2083.00,2085.50,2036.00,2040.25,3313062
1554954300,2019-04-11,2045.00,2055.00,2013.65,2019.50,3422442
1555040700,2019-04-12,2038.00,2039.00,2007.00,2014.50,3198471
1555299900,2019-04-15,2070.00,2119.80,2041.00,2113.30,9189201
1555386300,2019-04-16,2120.00,2155.95,2115.55,2131.80,5771952
1555558200,2019-04-18,2149.90,2155.00,2114.20,2150.05,3413728
1555904700,2019-04-22,2148.00,2176.00,2145.60,2161.45,2007135
1555991100,2019-04-23,2163.00,2165.50,2134.05,2155.05,2163524
1556077500,2019-04-24,2158.00,2195.00,2156.10,2183.45,3003071
1556163900,2019-04-25,2175.00,2205.00,2168.05,2195.00,4211526
1556250300,2019-04-26,2203.00,2243.95,2193.15,2238.55,2716958
1556595900,2019-04-30,2238.55,2266.95,2230.10,2260.35,3488395
1556768700,2019-05-02,2255.00,2259.40,2211.10,2215.40,2457699
1556855100,2019-05-03,2185.00,2186.05,2125.00,2132.00,3780886
1557114300,2019-05-06,2110.00,2165.00,2108.50,2157.85,2891422
1557199800,2019-05-07,2160.05,2184.35,2138.80,2151.95,2201698
1557287100,2019-05-08,2151.00,2168.00,2130.40,2152.85,1824895
1557373500,2019-05-09,2145.00,2184.10,2136.10,2172.55,2264162
1557459900,2019-05-10,2175.00,2192.00,2125.85,2135.80,2039633
1557719100,2019-05-13,2133.00,2167.00,2121.65,2128.75,1701744
1557805500,2019-05-14,2135.00,2159.80,2072.35,2092.35,2456110
1557891900,2019-05-15,2097.00,2124.00,2084.50,2095.40,2346876
1557978300,2019-05-16,2096.00,2124.00,2077.05,2108.75,1946529
1558064700,2019-05-17,2112.60,2135.00,2090.00,2095.45,1947908
1558323900,2019-05-20,2125.00,2151.40,2050.00,2143.95,2625116
1558410300,2019-05-21,2148.05,2148.70,2102.55,2109.75,1863157
1558496700,2019-05-22,2110.00,2121.95,2075.00,2081.75,2595795
1558583100,2019-05-23,2098.00,2115.35,2050.00,2054.05,2541294
1558669500,2019-05-24,2070.00,2070.00,2032.25,2048.00,2274208
1558928700,2019-05-27,2054.80,2068.95,2040.10,2055.15,2329820
1559015100,2019-05-28,2060.00,2097.50,2045.00,2073.75,5872979
1559101500,2019-05-29,2080.00,2123.70,2077.10,2107.55,3281320
1559187900,2019-05-30,2123.00,2156.55,2114.40,2146.30,4971725
1559274300,2019-05-31,2160.00,2204.95,2152.25,2196.55,4265370
1559533500,2019-06-03,2201.00,2247.65,2185.65,2242.30,3682419
1559619900,2019-06-04,2224.00,2224.00,2175.00,2183.10,2408658
1559792700,2019-06-06,2199.00,2199.00,2152.00,2166.10,3735467
1559879100,2019-06-07,2174.00,2189.80,2142.10,2181.75,2659446
1560138300,2019-06-10,2196.70,2235.85,2185.50,2231.50,2080593
1560224700,2019-06-11,2237.00,2263.95,2231.00,2252.80,3048937
1560311100,2019-06-12,2245.00,2266.90,2219.00,2260.90,2404448
1560397500,2019-06-13,2264.00,2285.00,2243.05,2254.10,3320916
1560483900,2019-06-14,2257.25,2263.10,2234.00,2254.50,2131408
1560743100,2019-06-17,2256.00,2262.00,2241.45,2249.20,1489497
1560829500,2019-06-18,2244.00,2260.00,2231.20,2250.85,1877447
1560915900,2019-06-19,2255.00,2276.00,2243.15,2259.90,1652817
1561002300,2019-06-20,2230.00,2284.00,2212.00,2277.95,2199377
1561088700,2019-06-21,2285.00,2292.50,2242.00,2249.85,3871804
1561347900,2019-06-24,2254.15,2280.00,2250.80,2275.50,1382424
1561434300,2019-06-25,2270.00,2274.45,2250.50,2267.80,1386077
1561520700,2019-06-26,2265.00,2266.80,2250.00,2254.20,1762224
1561607100,2019-06-27,2255.00,2264.00,2241.30,2252.55,2813464
1561693500,2019-06-28,2260.00,2261.95,2222.50,2227.20,2372928
1561952700,2019-07-01,2235.00,2255.00,2206.60,2239.55,2769940
1562039100,2019-07-02,2244.90,2257.00,2216.45,2252.10,1771746
1562125500,2019-07-03,2252.20,2258.80,2232.00,2237.65,1656881
1562211900,2019-07-04,2234.00,2252.00,2230.10,2242.65,984140
1562298300,2019-07-05,2247.00,2250.00,2140.00,2163.10,4088470
1562557500,2019-07-08,2149.00,2188.80,2132.10,2175.40,2788062
1562643900,2019-07-09,2174.00,2174.40,2104.55,2133.35,3977224
1562730300,2019-07-10,2080.00,2127.85,2071.30,2108.20,6343581
1562816700,2019-07-11,2128.00,2129.00,2086.05,2102.55,2400346
1562903100,2019-07-12,2102.10,2119.75,2093.10,2107.60,1560725
1563162300,2019-07-15,2125.00,2153.60,2098.00,2145.70,2900415
1563248700,2019-07-16,2126.00,2132.50,2100.00,2106.00,2735399
1563335100,2019-07-17,2108.00,2125.00,2092.10,2117.25,1802969
1563421500,2019-07-18,2116.20,2116.20,2060.00,2065.95,3072096
1563507900,2019-07-19,2077.00,2097.00,2062.50,2076.95,1953177
1563767100,2019-07-22,2077.00,2117.45,2068.80,2109.90,1920167
1563853500,2019-07-23,2127.90,2130.00,2102.40,2112.45,3538588
1563939900,2019-07-24,2110.00,2120.80,2076.50,2096.80,2413196
1564026300,2019-07-25,2108.90,2135.00,2092.55,2127.90,2544464
1564112700,2019-07-26,2129.80,2129.80,2095.00,2109.05,1720592
1564371900,2019-07-29,2110.80,2142.00,2103.30,2130.00,1647090
1564458300,2019-07-30,2130.00,2185.00,2120.45,2179.15,2851672
1564544700,2019-07-31,2171.75,2211.70,2147.15,2205.70,3000677
1564631100,2019-08-01,2200.00,2217.50,2166.25,2180.05,2375236
1564717500,2019-08-02,2173.00,2210.00,2165.50,2205.30,2500816
1564976700,2019-08-05,2199.90,2252.25,2195.60,2248.60,3039682
1565063100,2019-08-06,2232.80,2251.95,2211.45,2214.90,2885467
1565149500,2019-08-07,2230.00,2238.50,2207.25,2213.45,2165362
1565235900,2019-08-08,2228.90,2281.00,2218.90,2258.10,2073298
1565322300,2019-08-09,2260.00,2267.90,2241.35,2246.25,1744550
1565667900,2019-08-13,2245.00,2246.25,2194.30,2199.45,1647281
1565754300,2019-08-14,2181.10,2217.85,2167.40,2204.40,1945002
1565927100,2019-08-16,2241.40,2241.40,2143.25,2165.10,3755507
1566186300,2019-08-19,2180.00,2186.00,2157.70,2163.00,974884
1566272700,2019-08-20,2172.00,2205.00,2166.50,2186.75,1843611
1566359100,2019-08-21,2184.95,2202.00,2182.25,2186.20,1214408
1566445500,2019-08-22,2187.00,2235.65,2170.00,2216.00,2131601
1566531900,2019-08-23,2214.95,2259.90,2213.90,2247.70,2826425
1566791100,2019-08-26,2247.00,2282.00,2225.00,2276.30,2345475
1566877500,2019-08-27,2270.00,2274.85,2229.00,2236.50,3432106
1566963900,2019-08-28,2240.00,2252.15,2216.00,2239.25,1294621
1567050300,2019-08-29,2222.20,2248.20,2222.20,2233.45,1670652
1567136700,2019-08-30,2241.00,2266.00,2218.00,2259.60,2583625
1567482300,2019-09-03,2270.00,2296.20,2236.95,2251.60,2545060
1567568700,2019-09-04,2265.00,2270.00,2233.00,2245.40,2228092
1567655100,2019-09-05,2242.20,2253.65,2207.30,2215.30,2055943
1567741500,2019-09-06,2216.00,2233.50,2192.60,2197.50,1890550
1568000700,2019-09-09,2200.00,2202.85,2179.80,2182.85,1703945
1568173500,2019-09-11,2186.00,2195.00,2146.55,2154.00,2627440
1568259900,2019-09-12,2155.00,2165.00,2120.35,2133.60,2118859
1568346300,2019-09-13,2135.00,2157.95,2115.55,2141.95,2291174
1568605500,2019-09-16,2159.95,2173.40,2126.40,2150.00,2597948
1568691900,2019-09-17,2154.95,2156.55,2105.60,2122.65,2796530
1568778300,2019-09-18,2126.40,2142.95,2113.15,2138.55,1454663
1568864700,2019-09-19,2135.00,2135.80,2091.00,2101.95,1652691
1568951100,2019-09-20,2104.90,2129.40,2057.00,2065.45,6941979
1569210300,2019-09-23,2099.00,2099.00,1975.00,2015.80,6323401
1569296700,2019-09-24,2015.00,2061.00,2013.00,2044.70,4620978
1569383100,2019-09-25,2065.00,2092.00,2060.05,2088.45,4002232
1569469500,2019-09-26,2097.90,2107.00,2063.00,2087.60,4234281
1569555900,2019-09-27,2085.00,2085.20,2051.40,2056.15,2046795
1569815100,2019-09-30,2061.85,2104.00,2060.00,2099.30,2620039
1569901500,2019-10-01,2095.95,2095.95,2039.70,2059.95,3342877
1570074300,2019-10-03,2070.00,2081.15,2046.15,2060.25,2317618
1570160700,2019-10-04,2060.60,2087.95,2054.95,2079.35,2163251
1570419900,2019-10-07,2080.00,2094.50,2041.00,2047.70,2177916
1570592700,2019-10-09,2060.00,2060.00,2015.50,2020.10,2066920
1570679100,2019-10-10,2028.00,2039.05,1997.10,2004.45,2881452
1570765500,2019-10-11,1931.00,1995.00,1925.00,1986.85,12593069
1571024700,2019-10-14,1995.00,2032.75,1968.00,2021.00,3510704
1571111100,2019-10-15,2032.00,2047.00,2022.70,2037.30,2261310
1571197500,2019-10-16,2038.00,2056.00,2016.00,2046.40,3034082
1571283900,2019-10-17,2014.00,2038.00,1999.30,2030.95,3818774
1571370300,2019-10-18,2037.50,2063.90,2025.00,2057.35,3087901
1571715900,2019-10-22,2080.00,2111.50,2040.05,2051.40,5552505
1571802300,2019-10-23,2060.00,2083.85,2052.50,2070.10,2348134
1571888700,2019-10-24,2084.00,2099.00,2061.30,2082.00,2798671
1571974200,2019-10-25,2094.00,2130.00,2075.05,2124.95,3954245
1572176700,2019-10-27,2129.00,2129.00,2108.80,2115.70,224405
1572320700,2019-10-29,2121.50,2201.70,2121.50,2194.85,5064173
1572407100,2019-10-30,2225.00,2260.00,2176.85,2252.80,5195136
1572493500,2019-10-31,2250.00,2284.95,2237.00,2269.65,4879261
1572579900,2019-11-01,2264.00,2275.00,2195.00,2200.90,4172620
1572839100,2019-11-04,2207.00,2229.20,2180.90,2193.95,2646411
1572925500,2019-11-05,2197.00,2211.00,2169.00,2201.85,2693475
1573011900,2019-11-06,2200.00,2210.80,2179.00,2188.50,2540719
1573098300,2019-11-07,2204.50,2204.50,2175.20,2185.35,1915598
1573184700,2019-11-08,2189.60,2189.60,2124.00,2129.95,2788759
1573443900,2019-11-11,2135.00,2139.00,2091.00,2100.95,2983768
1573616700,2019-11-13,2118.00,2183.80,2118.00,2178.60,3823365
1573703100,2019-11-14,2187.50,2200.00,2146.70,2196.80,2995915
1573789500,2019-11-15,2196.00,2211.50,2168.75,2174.45,2724180
1574048700,2019-11-18,2178.40,2187.75,2148.75,2152.60,1611089
1574135100,2019-11-19,2153.00,2154.65,2105.00,2108.80,2975313
1574221500,2019-11-20,2121.95,2135.00,2094.50,2108.55,2894129
1574307900,2019-11-21,2112.00,2126.60,2107.40,2118.10,2052574
1574394300,2019-11-22,2097.00,2107.00,2060.50,2071.70,3742049
1574653500,2019-11-25,2074.55,2084.95,2052.20,2081.50,2737010
1574739900,2019-11-26,2089.85,2097.90,2035.05,2046.65,6561580
1574826300,2019-11-27,2052.00,2071.70,2046.55,2054.30,2907521
1574912700,2019-11-28,2067.05,2094.40,2060.00,2077.35,2924429
1574999100,2019-11-29,2085.00,2085.00,2045.80,2053.25,2064271
1575258300,2019-12-02,2060.00,2067.70,2016.00,2021.05,3809860
1575344700,2019-12-03,2027.70,2062.00,2010.00,2051.00,4664774
1575431100,2019-12-04,2053.00,2082.00,2045.50,2078.50,3334301
1575517500,2019-12-05,2083.00,2126.80,2068.35,2121.30,3902721
1575603900,2019-12-06,2124.00,2128.00,2101.00,2123.60,1829461
1575863100,2019-12-09,2127.95,2127.95,2053.50,2060.45,2244747
1575949500,2019-12-10,2060.00,2060.85,2003.25,2012.85,4520045
1576035900,2019-12-11,2025.40,2048.00,2006.75,2041.90,4943024
1576122300,2019-12-12,2051.10,2083.65,1984.00,2020.90,7137306
1576208700,2019-12-13,2023.00,2077.40,2007.00,2071.25,5711133
1576467900,2019-12-16,2096.00,2136.00,2080.30,2126.75,5574177
1576554300,2019-12-17,2126.50,2169.00,2119.00,2164.95,6059673
1576640700,2019-12-18,2174.00,2203.45,2153.00,2167.75,8251081
1576727100,2019-12-19,2179.80,2236.50,2167.55,2229.05,6251505
1576813500,2019-12-20,2220.00,2246.70,2208.25,2222.90,5548338
1577072700,2019-12-23,2210.00,2241.95,2210.00,2231.70,2247329
1577159100,2019-12-24,2239.00,2243.55,2211.15,2215.60,1805896
1577331900,2019-12-26,2216.40,2229.00,2195.20,2201.95,1880367
1577418300,2019-12-27,2208.00,2226.40,2176.00,2198.50,2720261
1577677500,2019-12-30,2207.00,2225.00,2177.10,2183.20,2288830
1577763900,2019-12-31,2189.00,2197.00,2157.45,2161.70,1909289
1577850300,2020-01-01,2168.00,2183.90,2154.00,2167.60,1354908
1577936700,2020-01-02,2179.95,2179.95,2149.20,2157.65,2380752
1578023100,2020-01-03,2164.00,2223.00,2164.00,2200.65,4655761
1578282300,2020-01-06,2205.00,2225.95,2187.90,2200.45,3023209
1578368700,2020-01-07,2200.50,2214.65,2183.80,2205.85,2429317
1578455100,2020-01-08,2205.00,2260.00,2202.05,2255.25,5197454
1578541500,2020-01-09,2248.75,2251.95,2210.00,2214.35,3734173
1578627900,2020-01-10,2228.00,2234.00,2208.00,2213.55,1915807
1578887100,2020-01-13,2217.85,2218.95,2184.70,2190.35,2843893
1578973500,2020-01-14,2195.00,2229.80,2195.00,2206.90,2948452
1579059900,2020-01-15,2213.00,2231.00,2194.20,2226.90,2620681
1579146300,2020-01-16,2226.95,2249.00,2215.00,2238.80,3117214
1579232700,2020-01-17,2240.75,2253.55,2213.00,2219.10,3281059
1579491900,2020-01-20,2194.90,2242.20,2156.20,2170.35,5817599
1579578300,2020-01-21,2169.95,2186.55,2158.05,2171.05,1902980
1579664700,2020-01-22,2181.00,2210.00,2173.70,2206.90,1773686
1579751100,2020-01-23,2209.80,2217.75,2183.70,2190.95,2069866
1579837500,2020-01-24,2190.95,2190.95,2170.00,2183.40,1319430
1580096700,2020-01-27,2189.70,2193.45,2165.00,2169.25,1549101
1580183100,2020-01-28,2174.00,2187.80,2152.00,2183.75,1743024
1580269500,2020-01-29,2185.00,2186.95,2150.00,2154.60,2306761
1580355900,2020-01-30,2160.00,2165.00,2125.00,2137.85,2098567
1580442300,2020-01-31,2139.40,2144.35,2071.60,2079.05,3287223
1580701500,2020-02-03,2152.00,2194.70,2093.20,2102.50,4728073
1580787900,2020-02-04,2129.00,2136.70,2086.60,2107.75,3509339
1580874300,2020-02-05,2115.00,2156.70,2104.30,2146.55,2439322
1580960700,2020-02-06,2145.00,2174.20,2115.50,2128.35,2640065
1581047100,2020-02-07,2139.00,2151.00,2119.00,2136.55,2083442
1581306300,2020-02-10,2140.90,2167.00,2119.00,2161.95,2383032
1581392700,2020-02-11,2163.00,2174.80,2147.60,2153.40,1335820
1581479100,2020-02-12,2151.10,2185.00,2150.00,2170.75,1620407
1581565500,2020-02-13,2172.95,2197.00,2171.00,2191.95,1645948
1581651900,2020-02-14,2188.00,2212.00,2171.00,2184.20,1500115
1581911100,2020-02-17,2196.95,2217.00,2190.20,2203.25,1774724
1581997500,2020-02-18,2199.95,2221.00,2186.05,2215.75,2486223
1582083900,2020-02-19,2215.75,2230.00,2190.50,2196.35,1760463
1582170300,2020-02-20,2204.50,2214.40,2151.25,2156.80,2317278
1582515900,2020-02-24,2156.00,2178.95,2106.70,2115.35,3092877
1582602300,2020-02-25,2115.50,2176.65,2111.00,2156.15,2674567
1582688700,2020-02-26,2154.00,2163.90,2112.95,2123.60,2686842
1582775100,2020-02-27,2119.95,2119.95,2086.20,2105.50,2349001
1582861500,2020-02-28,2068.00,2069.50,1990.00,2000.15,4298076
1583120700,2020-03-02,2035.00,2053.95,1985.70,2001.30,2667076
1583207100,2020-03-03,2020.00,2060.00,2012.00,2036.20,2757585
1583293500,2020-03-04,2056.00,2094.45,2025.00,2083.20,3237002
1583379900,2020-03-05,2085.70,2147.75,2084.05,2125.05,3937056
1583466300,2020-03-06,2098.00,2123.65,2071.60,2116.45,2595027
1583725500,2020-03-09,2075.00,2079.90,1935.00,1972.35,4940975
1583898300,2020-03-11,1933.00,1987.30,1920.00,1953.70,6796449
1583984700,2020-03-12,1904.00,1908.40,1758.35,1769.85,8728786
1584071100,2020-03-13,1687.90,1820.00,1506.05,1806.30,8029720
1584330300,2020-03-16,1755.00,1842.25,1675.85,1696.40,7844271
1584416700,2020-03-17,1730.00,1731.00,1623.15,1658.00,5713248
1584503100,2020-03-18,1676.80,1713.55,1627.75,1654.40,7258778
1584589500,2020-03-19,1559.70,1685.45,1546.75,1636.35,5135111
1584675900,2020-03-20,1630.00,1869.00,1627.00,1797.45,8547498
1584935100,2020-03-23,1620.00,1750.00,1617.75,1669.70,7003490
1585021500,2020-03-24,1653.05,1770.00,1632.85,1703.15,6350865
1585107900,2020-03-25,1700.00,1810.00,1680.00,1750.30,2765520
1585194300,2020-03-26,1831.60,1832.05,1722.55,1790.95,4556067
1585280700,2020-03-27,1820.00,1850.00,1750.40,1824.50,4331250
1585539900,2020-03-30,1766.00,1905.00,1763.55,1778.50,8513547
1585626300,2020-03-31,1837.40,1855.00,1780.00,1826.10,3927593
1585712700,2020-04-01,1825.90,1834.75,1702.00,1708.75,4941878
1585885500,2020-04-03,1740.00,1740.00,1650.00,1654.20,5735369
1586231100,2020-04-07,1710.00,1785.85,1705.00,1775.20,5427577
1586317500,2020-04-08,1760.00,1806.00,1701.00,1705.45,6285615
1586403900,2020-04-09,1750.45,1778.80,1731.20,1766.15,5307397
1586749500,2020-04-13,1761.00,1787.00,1746.00,1759.25,2990438
1586922300,2020-04-15,1785.00,1812.00,1727.80,1735.15,4761399
1587008700,2020-04-16,1709.95,1764.90,1675.05,1716.05,6245533
1587095100,2020-04-17,1800.00,1851.95,1753.00,1806.20,9895823
1587354300,2020-04-20,1830.00,1830.00,1802.50,1818.65,3244282
1587440700,2020-04-21,1765.00,1794.60,1727.70,1737.65,5122541
1587527100,2020-04-22,1737.65,1790.00,1719.15,1769.50,3829836
1587613500,2020-04-23,1780.00,1900.00,1760.85,1878.25,5934366
1587699900,2020-04-24,1840.70,1851.95,1807.80,1818.55,2987102
1587959100,2020-04-27,1832.30,1875.00,1825.00,1836.60,3374741
1588045500,2020-04-28,1865.00,1868.00,1832.60,1859.05,2678505
1588131900,2020-04-29,1874.00,1912.55,1850.05,1905.65,4241510
1588218300,2020-04-30,1980.00,2032.00,1942.20,2014.45,5915544
1588563900,2020-05-04,1966.00,1966.00,1913.65,1930.45,3729348
1588650300,2020-05-05,1955.10,1977.00,1927.00,1932.75,2905528
1588736700,2020-05-06,1939.80,1953.70,1893.60,1903.60,3517431
1588823100,2020-05-07,1910.00,1934.45,1883.35,1891.65,3166754
1588909500,2020-05-08,1939.10,1939.50,1886.25,1893.40,2686530
1589168700,2020-05-11,1909.00,1951.40,1909.00,1935.30,2449841
1589255100,2020-05-12,1933.40,1956.50,1910.25,1949.50,3256595
1589341500,2020-05-13,1994.00,1994.00,1925.65,1949.65,2656665
1589427900,2020-05-14,1910.00,1923.10,1891.10,1902.35,2263146
1589514300,2020-05-15,1916.00,1917.40,1865.20,1892.90,3173682
1589773500,2020-05-18,1907.00,1952.95,1872.10,1945.60,3727694
1589859900,2020-05-19,1903.00,1966.45,1903.00,1948.65,3198693
1589946300,2020-05-20,1950.00,1962.90,1931.70,1953.60,2778505
1590032700,2020-05-21,1946.00,1998.00,1941.15,1991.20,3400908
1590119100,2020-05-22,1977.10,2032.00,1961.25,2020.35,3663418
1590464700,2020-05-26,2015.00,2024.00,1925.00,1943.00,4575317
1590551100,2020-05-27,1959.00,2010.00,1941.25,2005.30,3482160
1590637500,2020-05-28,1988.50,2014.00,1971.30,2004.30,3475681
1590723900,2020-05-29,1982.00,2002.65,1962.40,1972.35,7237735
1590983100,2020-06-01,1990.00,2060.00,1981.10,2045.25,3747773
1591069500,2020-06-02,2060.20,2081.00,2040.05,2047.15,2443886
1591155900,2020-06-03,2051.85,2063.75,2020.00,2046.15,3699799
1591242300,2020-06-04,2046.75,2100.00,2046.75,2091.55,4048593
1591328700,2020-06-05,2091.60,2098.00,2040.30,2048.25,3573289
1591587900,2020-06-08,2078.25,2095.00,2062.10,2071.75,2957841
1591674300,2020-06-09,2063.10,2095.50,2060.25,2072.05,2909439
1591760700,2020-06-10,2077.05,2132.00,2073.50,2108.75,5168397
1591847100,2020-06-11,2100.00,2105.00,2061.80,2067.65,2269513
1591933500,2020-06-12,2011.20,2049.20,2011.00,2039.50,2842642
1592192700,2020-06-15,2039.10,2059.00,2000.95,2029.90,2399022
1592279100,2020-06-16,2065.00,2073.95,2031.00,2045.80,2146528
1592365500,2020-06-17,2046.00,2058.85,2026.55,2047.80,2703527
1592451900,2020-06-18,2045.00,2059.20,2025.20,2038.10,1944389
1592538300,2020-06-19,2042.00,2090.00,2032.00,2044.60,5681758
1592797500,2020-06-22,2050.00,2052.25,2019.15,2027.95,3196138
1592883900,2020-06-23,2027.00,2044.00,2010.00,2035.30,4205944
1592970300,2020-06-24,2034.00,2064.25,2031.60,2042.20,2560937
1593056700,2020-06-25,2035.00,2060.00,2009.25,2016.10,3043931
1593143100,2020-06-26,2025.00,2132.00,2019.95,2118.85,6300722
1593402300,2020-06-29,2108.00,2127.60,2091.30,2101.65,3076341
1593488700,2020-06-30,2100.00,2111.90,2075.05,2082.15,3071725
1593575100,2020-07-01,2079.70,2113.95,2079.50,2092.05,2503466
1593661500,2020-07-02,2102.00,2165.00,2098.00,2157.15,3758699
1593747900,2020-07-03,2163.65,2205.00,2160.25,2199.65,4185208
1594007100,2020-07-06,2205.00,2269.90,2205.00,2263.20,5190366
1594093500,2020-07-07,2275.00,2302.70,2232.15,2269.90,5630055
1594179900,2020-07-08,2270.00,2274.40,2207.60,2218.90,2793358
1594266300,2020-07-09,2229.00,2244.50,2191.05,2204.35,3443998
1594352700,2020-07-10,2205.25,2249.85,2176.00,2222.35,9610320
1594611900,2020-07-13,2220.00,2244.95,2210.00,2220.00,2963503
1594698300,2020-07-14,2210.00,2239.00,2165.00,2171.95,2976738
1594784700,2020-07-15,2185.00,2260.00,2181.10,2233.90,5569321
1594871100,2020-07-16,2244.00,2333.00,2220.10,2234.75,8582118
1594957500,2020-07-17,2237.00,2243.90,2190.05,2200.75,4509135
1595216700,2020-07-20,2201.00,2226.90,2190.80,2207.90,2952646
1595303100,2020-07-21,2230.00,2238.65,2201.15,2225.05,2665286
1595389500,2020-07-22,2231.00,2231.00,2184.20,2190.95,2861534
1595475900,2020-07-23,2190.95,2190.95,2163.00,2171.20,2265766
1595562300,2020-07-24,2154.50,2163.00,2125.10,2157.40,3665100
1595821500,2020-07-27,2165.00,2215.00,2163.50,2206.80,4248480
1595907900,2020-07-28,2215.00,2320.00,2215.00,2309.75,8092319
1595994300,2020-07-29,2292.00,2342.00,2246.05,2276.05,6090431
1596080700,2020-07-30,2285.90,2358.00,2272.25,2279.50,7098496
1596167100,2020-07-31,2303.15,2334.80,2257.45,2281.40,4723290
1596426300,2020-08-03,2290.45,2303.85,2230.70,2254.15,4012337
1596512700,2020-08-04,2259.95,2269.65,2225.05,2249.70,2927928
1596599100,2020-08-05,2260.00,2300.00,2253.00,2259.50,3800641
1596685500,2020-08-06,2275.00,2319.50,2265.35,2308.10,4748047
1596771900,2020-08-07,2308.00,2328.00,2287.00,2295.35,3165491
1597031100,2020-08-10,2318.00,2325.00,2276.05,2282.80,2929353
1597117500,2020-08-11,2283.00,2312.00,2275.60,2279.90,2774423
1597203900,2020-08-12,2288.35,2296.40,2246.55,2257.35,3415751
1597290300,2020-08-13,2273.00,2300.00,2250.50,2254.45,2695682
1597376700,2020-08-14,2277.00,2281.30,2233.10,2242.15,2270405
1597635900,2020-08-17,2263.00,2270.00,2238.25,2253.40,2625630
1597722300,2020-08-18,2262.80,2289.00,2248.30,2269.75,3493374
1597808700,2020-08-19,2276.35,2284.60,2252.50,2256.60,2843005
1597895100,2020-08-20,2257.00,2276.55,2240.05,2252.85,2895164
1597981500,2020-08-21,2260.00,2271.00,2241.05,2248.60,1975294
1598240700,2020-08-24,2250.60,2259.95,2230.00,2248.10,2167966
1598327100,2020-08-25,2245.00,2250.00,2233.55,2242.65,1663419
1598413500,2020-08-26,2242.00,2259.90,2216.45,2253.50,2618149
1598499900,2020-08-27,2266.00,2287.35,2241.75,2248.40,3579393
1598586300,2020-08-28,2268.40,2279.95,2235.10,2238.55,2941136
1598845500,2020-08-31,2240.00,2276.20,2228.00,2257.25,6018154
1598931900,2020-09-01,2269.00,2278.00,2241.30,2246.35,3610908
1599018300,2020-09-02,2247.00,2268.75,2241.65,2265.15,2084137
1599104700,2020-09-03,2268.00,2324.00,2268.00,2299.50,4654146
1599191100,2020-09-04,2275.00,2324.25,2262.95,2288.80,5231303
1599450300,2020-09-07,2289.00,2343.50,2283.35,2327.05,4620401
1599536700,2020-09-08,2335.95,2390.45,2327.05,2348.20,7453998
1599623100,2020-09-09,2325.00,2359.00,2320.00,2327.65,3866535
1599709500,2020-09-10,2335.00,2348.50,2324.30,2331.15,2308813
1599795900,2020-09-11,2330.95,2383.00,2330.15,2374.10,4145424
1600055100,2020-09-14,2384.10,2505.75,2381.85,2491.40,7512131
1600141500,2020-09-15,2491.40,2538.00,2464.60,2491.40,7318770
1600227900,2020-09-16,2488.95,2507.60,2477.30,2503.00,3074003
1600314300,2020-09-17,2480.00,2495.75,2450.60,2460.95,4828176
1600400700,2020-09-18,2485.00,2500.40,2436.40,2449.90,4183256
1600659900,2020-09-21,2465.00,2504.90,2452.15,2465.30,4598809
1600746300,2020-09-22,2485.00,2555.00,2458.00,2522.95,7499613
1600832700,2020-09-23,2510.00,2519.85,2409.00,2467.45,7502280
1600919100,2020-09-24,2450.00,2450.00,2302.60,2332.25,8424708
1601005500,2020-09-25,2368.00,2440.00,2352.10,2422.30,8228267
1601264700,2020-09-28,2440.00,2444.00,2366.00,2426.30,4347166
1601351100,2020-09-29,2434.85,2511.05,2426.30,2488.40,6995811
1601437500,2020-09-30,2489.00,2505.00,2460.00,2492.30,3917166
1601523900,2020-10-01,2510.00,2540.00,2492.30,2523.45,2610337
1601869500,2020-10-05,2620.00,2728.10,2603.05,2705.80,17412105
1601955900,2020-10-06,2736.00,2736.00,2650.10,2714.30,9846367
1602042300,2020-10-07,2742.00,2770.00,2703.00,2735.95,9656101
1602128700,2020-10-08,2800.00,2885.00,2800.00,2825.70,19839329
1602215100,2020-10-09,2810.00,2829.85,2780.00,2812.95,7739245
1602474300,2020-10-12,2815.50,2854.00,2800.75,2830.00,4623203
1602560700,2020-10-13,2845.00,2854.90,2812.20,2826.55,4209878
1602647100,2020-10-14,2842.00,2842.00,2787.55,2809.60,4395936
1602733500,2020-10-15,2811.00,2827.75,2727.00,2740.60,6629355
1602819900,2020-10-16,2750.10,2771.65,2731.30,2763.30,5273773
1603079100,2020-10-19,2774.00,2774.00,2706.60,2711.55,3331194
1603165500,2020-10-20,2725.00,2759.90,2717.95,2739.00,3406273
1603251900,2020-10-21,2739.00,2749.00,2663.05,2675.40,4570143
1603338300,2020-10-22,2661.00,2686.65,2638.10,2671.15,5262294
1603424700,2020-10-23,2687.80,2702.00,2670.10,2686.80,3499091
1603683900,2020-10-26,2689.95,2709.95,2670.50,2688.20,2672752
1603770300,2020-10-27,2699.75,2718.15,2624.10,2630.15,3537502
1603856700,2020-10-28,2650.00,2655.95,2606.00,2622.20,3569445
1603943100,2020-10-29,2608.00,2655.00,2600.25,2632.65,3105968
1604029500,2020-10-30,2636.10,2674.35,2621.60,2664.85,3427003
1604288700,2020-11-02,2660.00,2664.85,2600.05,2604.60,2571196
1604375100,2020-11-03,2604.00,2665.00,2601.05,2633.60,2879269
1604461500,2020-11-04,2610.00,2721.85,2610.00,2653.15,4893928
1604547900,2020-11-05,2685.00,2710.00,2667.00,2685.70,2816502
1604634300,2020-11-06,2699.00,2713.25,2681.30,2707.45,3884421
1604893500,2020-11-09,2731.10,2744.00,2695.10,2726.60,3646592
1604979900,2020-11-10,2697.20,2713.15,2638.35,2649.60,4760020
1605066300,2020-11-11,2667.95,2692.80,2643.40,2687.80,3242441
1605152700,2020-11-12,2686.00,2713.00,2661.75,2671.05,2437505
1605239100,2020-11-13,2655.75,2664.90,2636.00,2656.85,2548093
1605354300,2020-11-14,2677.95,2689.00,2660.05,2670.35,298819
1605584700,2020-11-17,2695.00,2695.00,2650.05,2666.05,2827273
1605671100,2020-11-18,2661.00,2664.20,2607.05,2626.65,2893762
1605757500,2020-11-19,2637.00,2676.15,2630.85,2636.90,4167501
1605843900,2020-11-20,2655.00,2676.00,2627.55,2660.25,2711471
1606103100,2020-11-23,2690.00,2730.00,2665.00,2724.25,3706418
1606189500,2020-11-24,2734.40,2743.00,2705.00,2722.05,3120516
1606275900,2020-11-25,2729.00,2732.95,2688.20,2701.30,3302249
1606362300,2020-11-26,2686.00,2730.95,2680.00,2720.60,2341099
1606448700,2020-11-27,2705.00,2717.70,2669.05,2679.65,6086808
1606794300,2020-12-01,2679.00,2735.90,2624.45,2726.80,3605017
1606880700,2020-12-02,2719.00,2754.70,2702.45,2749.55,2509032
1606967100,2020-12-03,2773.90,2773.90,2700.80,2709.45,2852548
1607053500,2020-12-04,2710.80,2738.85,2699.00,2727.55,2686527
1607312700,2020-12-07,2715.00,2744.00,2706.15,2737.70,1996400
1607399100,2020-12-08,2740.00,2805.55,2732.45,2797.30,4277818
1607485500,2020-12-09,2815.00,2840.00,2793.15,2810.80,3659996
1607571900,2020-12-10,2818.00,2827.30,2780.25,2784.30,2127801
1607658300,2020-12-11,2792.70,2807.70,2764.55,2783.60,1795408
1607917500,2020-12-14,2802.00,2804.00,2756.25,2797.70,2483658
1608003900,2020-12-15,2786.00,2794.70,2755.00,2761.55,2365509
1608090300,2020-12-16,2779.00,2819.80,2760.45,2814.20,2565149
1608176700,2020-12-17,2811.00,2853.70,2805.00,2838.20,2863460
1608263100,2020-12-18,2868.00,2898.00,2846.20,2861.00,6076692
1608522300,2020-12-21,2861.00,2886.50,2785.00,2820.15,2705195
1608608700,2020-12-22,2834.00,2883.65,2818.65,2872.50,2881737
1608695100,2020-12-23,2876.05,2919.00,2865.45,2908.75,2790988
1608781500,2020-12-24,2909.00,2921.35,2883.20,2909.35,1807144
1609127100,2020-12-28,2910.00,2949.70,2902.00,2929.40,2108994
1609213500,2020-12-29,2920.00,2952.00,2920.00,2930.50,1994151
1609299900,2020-12-30,2934.40,2947.70,2902.00,2909.30,2637968
1609386300,2020-12-31,2900.00,2905.00,2845.00,2862.75,4040956
1609472700,2021-01-01,2880.00,2940.00,2879.00,2928.25,2681440
1609731900,2021-01-04,2950.00,3050.75,2940.95,3039.45,5113293
1609818300,2021-01-05,3039.60,3114.25,3039.60,3093.00,5801309
1609904700,2021-01-06,3100.00,3113.50,3037.20,3051.50,3726716
1609991100,2021-01-07,3075.00,3080.85,3000.25,3032.80,3717827
1610077500,2021-01-08,3090.00,3128.00,3060.00,3120.90,5879039
1610336700,2021-01-11,3230.00,3230.00,3146.55,3176.45,9508039
1610423100,2021-01-12,3176.45,3210.00,3150.00,3174.85,3611458
1610509500,2021-01-13,3175.00,3177.00,3126.25,3158.95,3572801
1610595900,2021-01-14,3155.00,3266.50,3120.40,3250.70,6931542
1610682300,2021-01-15,3235.00,3274.00,3210.00,3233.35,4131692
1610941500,2021-01-18,3250.00,3256.75,3187.40,3221.75,4160906
1611027900,2021-01-19,3233.00,3279.00,3232.00,3260.70,2975735
1611114300,2021-01-20,3270.00,3327.95,3267.10,3308.80,3453446
1611200700,2021-01-21,3305.00,3309.15,3262.10,3273.85,2778546
1611287100,2021-01-22,3241.90,3325.00,3241.90,3303.10,3052459
1611546300,2021-01-25,3308.95,3339.80,3278.65,3291.30,2272887
1611719100,2021-01-27,3300.00,3306.45,3227.00,3261.05,2786662
1611805500,2021-01-28,3230.00,3275.00,3183.80,3196.55,3083938
1611891900,2021-01-29,3210.05,3216.85,3100.00,3111.35,5445659
1612151100,2021-02-01,3100.00,3165.00,3044.10,3139.35,3985846
1612237500,2021-02-02,3174.00,3224.00,3150.00,3203.45,2881837
1612323900,2021-02-03,3213.00,3236.00,3162.65,3200.05,2505866
1612410300,2021-02-04,3216.05,3237.85,3176.00,3188.45,2057261
1612496700,2021-02-05,3198.95,3205.85,3129.00,3157.95,2366135
1612755900,2021-02-08,3189.50,3226.00,3155.15,3214.10,2526592
1612842300,2021-02-09,3195.00,3245.80,3164.00,3176.90,2658751
1612928700,2021-02-10,3185.00,3219.40,3157.30,3213.30,2127983
1613015100,2021-02-11,3215.00,3219.30,3185.05,3206.00,1165882
1613101500,2021-02-12,3184.20,3245.50,3182.00,3190.80,2777404
1613360700,2021-02-15,3209.00,3209.00,3131.55,3139.85,2630853
1613447100,2021-02-16,3150.00,3167.65,3100.00,3108.80,3435770
1613533500,2021-02-17,3105.10,3132.85,3045.55,3073.10,3678426
1613619900,2021-02-18,3065.00,3097.90,3031.00,3057.35,4189909
1613706300,2021-02-19,3058.00,3087.15,3016.15,3071.85,3725028
1613965500,2021-02-22,3096.00,3096.00,2943.15,2958.45,5366696
1614051900,2021-02-23,2970.00,3028.00,2968.00,2980.20,3832829
1614138300,2021-02-24,2972.00,3003.35,2921.15,2948.10,3774549
1614224700,2021-02-25,2974.00,3029.90,2968.45,2995.30,4224073
1614311100,2021-02-26,2960.00,2972.35,2880.00,2894.30,5553153
1614570300,2021-03-01,2926.00,2965.00,2901.80,2924.20,3265871
1614656700,2021-03-02,2960.00,3025.00,2948.00,3006.35,3306469
1614743100,2021-03-03,3035.00,3064.00,2996.90,3059.10,3509857
1614829500,2021-03-04,3023.00,3081.45,3016.05,3049.70,3916760
1614915900,2021-03-05,3016.10,3063.20,2996.60,3008.05,3203686
1615175100,2021-03-08,3016.00,3033.00,2996.00,3006.95,2003125
1615261500,2021-03-09,3006.95,3066.90,2992.10,3050.95,1942397
1615347900,2021-03-10,3075.00,3093.20,3060.00,3070.95,3053778
1615520700,2021-03-12,3075.00,3117.00,3041.35,3057.95,2938317
1615779900,2021-03-15,3041.00,3099.00,3041.00,3066.15,3097083
1615866300,2021-03-16,3060.00,3141.00,3060.00,3110.05,4894756
1615952700,2021-03-17,3105.00,3155.00,3085.30,3112.95,3838390
1616039100,2021-03-18,3125.95,3146.45,2987.05,3036.50,3656306
1616125500,2021-03-19,3030.00,3099.00,3005.00,3050.20,5776626
1616384700,2021-03-22,3048.70,3139.45,3018.65,3129.65,2821646
1616471100,2021-03-23,3140.00,3169.00,3122.85,3142.60,3305973
1616557500,2021-03-24,3111.20,3152.30,3111.15,3121.10,2207104
1616643900,2021-03-25,3112.20,3130.85,3050.00,3064.85,3179786
1616730300,2021-03-26,3090.65,3118.00,3043.05,3066.80,3697370
1617075900,2021-03-30,3083.00,3188.45,3060.90,3158.55,4694008
1617162300,2021-03-31,3155.00,3205.00,3132.00,3177.85,3530069
1617248700,2021-04-01,3191.10,3215.00,3145.00,3165.00,4285076
1617594300,2021-04-05,3171.00,3263.00,3151.00,3238.90,5317862
1617680700,2021-04-06,3275.00,3275.00,3230.00,3264.70,2291562
1617767100,2021-04-07,3259.00,3277.55,3234.80,3271.40,2491268
1617853500,2021-04-08,3270.00,3335.00,3266.05,3317.35,2578118
1617939900,2021-04-09,3354.00,3354.35,3308.00,3322.25,2911129
1618199100,2021-04-12,3322.25,3338.10,3213.20,3246.55,3791828
1618285500,2021-04-13,3214.00,3214.00,3073.05,3104.05,8654596
1618458300,2021-04-15,3160.30,3237.25,3087.45,3218.95,6062760
1618544700,2021-04-16,3229.00,3247.00,3182.60,3195.15,3224657
1618803900,2021-04-19,3169.00,3189.00,3135.10,3161.80,2679106
1618890300,2021-04-20,3225.00,3225.35,3126.35,3144.55,3141893
1619063100,2021-04-22,3148.00,3148.00,3105.25,3118.80,1988980
1619149500,2021-04-23,3105.00,3119.00,3091.05,3109.50,1615309
1619408700,2021-04-26,3102.05,3153.00,3088.05,3100.80,2490260
1619495100,2021-04-27,3106.00,3136.10,3103.00,3132.00,1471417
1619581500,2021-04-28,3149.95,3151.00,3112.00,3124.10,1639037
1619667900,2021-04-29,3145.60,3157.35,3105.50,3115.25,1621395
1619754300,2021-04-30,3099.00,3132.05,3020.00,3035.65,3072305
1620013500,2021-05-03,3024.90,3055.00,3004.00,3037.00,1545831
1620099900,2021-05-04,3062.80,3090.00,3035.00,3049.75,1990777
1620186300,2021-05-05,3070.00,3099.40,3052.40,3095.70,1939289
1620272700,2021-05-06,3105.50,3134.00,3074.00,3111.45,1791671
1620359100,2021-05-07,3133.00,3159.85,3111.80,3132.90,1912540
1620618300,2021-05-10,3145.95,3164.20,3125.00,3145.50,2137153
1620704700,2021-05-11,3125.00,3128.10,3091.15,3122.60,2415625
1620791100,2021-05-12,3120.00,3120.00,3070.60,3087.60,1978558
1620963900,2021-05-14,3098.50,3098.50,3040.00,3051.50,2043935
1621223100,2021-05-17,3055.00,3075.20,3036.00,3069.75,2890462
1621309500,2021-05-18,3100.00,3124.00,3078.00,3088.80,2098538
1621395900,2021-05-19,3084.00,3118.00,3067.10,3082.00,1986041
1621482300,2021-05-20,3067.10,3088.80,3052.10,3060.00,2329027
1621568700,2021-05-21,3061.00,3088.20,3055.10,3080.50,1685566
1621827900,2021-05-24,3081.50,3105.00,3072.00,3081.50,1652260
1621914300,2021-05-25,3092.00,3128.25,3082.10,3114.00,1841613
1622000700,2021-05-26,3120.00,3165.00,3103.80,3158.50,1923753
1622087100,2021-05-27,3161.95,3217.75,3161.80,3180.00,5959785
1622173500,2021-05-28,3189.50,3198.00,3135.65,3143.60,1763701
1622432700,2021-05-31,3150.00,3170.35,3128.60,3159.15,1652799
1622519100,2021-06-01,3168.60,3169.95,3132.00,3153.00,1377441
1622605500,2021-06-02,3150.85,3159.45,3115.00,3129.45,2240078
1622691900,2021-06-03,3154.55,3154.55,3122.65,3141.25,1281706
1622778300,2021-06-04,3128.00,3156.85,3125.00,3143.75,1836060
1623037500,2021-06-07,3145.00,3190.45,3133.60,3183.20,2559821
1623123900,2021-06-08,3198.00,3231.00,3187.20,3200.15,2574057
1623210300,2021-06-09,3202.00,3220.00,3186.20,3200.25,1710925
1623296700,2021-06-10,3210.00,3224.00,3193.00,3216.80,1874324
1623383100,2021-06-11,3211.55,3309.00,3211.00,3273.80,3452954
1623642300,2021-06-14,3279.00,3308.70,3270.35,3276.35,1847360
1623728700,2021-06-15,3298.00,3298.00,3251.55,3262.75,1304985
1623815100,2021-06-16,3262.10,3294.70,3253.00,3274.35,1635552
1623901500,2021-06-17,3265.50,3336.05,3260.00,3317.75,2273413
1623987900,2021-06-18,3350.90,3358.00,3275.00,3297.30,3380431
1624247100,2021-06-21,3265.00,3286.00,3251.70,3273.10,1130569
1624333500,2021-06-22,3304.00,3327.05,3285.00,3301.20,1708688
1624419900,2021-06-23,3329.00,3329.00,3256.40,3261.40,1467104
1624506300,2021-06-24,3284.00,3383.00,3278.50,3373.60,4155204
1624592700,2021-06-25,3375.25,3399.65,3350.00,3380.80,2722861
1624851900,2021-06-28,3391.50,3391.50,3333.00,3336.75,1355238
1624938300,2021-06-29,3342.00,3366.30,3326.50,3340.85,1497322
1625024700,2021-06-30,3346.00,3382.00,3338.50,3345.75,1693146
1625111100,2021-07-01,3358.00,3362.00,3332.35,3341.50,990310
1625197500,2021-07-02,3331.00,3339.70,3295.20,3325.45,1682274
1625456700,2021-07-05,3342.00,3374.00,3302.00,3321.00,1972858
1625543100,2021-07-06,3313.00,3328.00,3256.10,3262.30,2159420
1625629500,2021-07-07,3275.00,3282.70,3241.60,3274.95,2640710
1625715900,2021-07-08,3298.00,3298.00,3231.90,3258.50,2485811
1625802300,2021-07-09,3250.00,3282.00,3201.00,3208.15,6365067
1626061500,2021-07-12,3235.00,3236.00,3188.35,3193.10,1892226
1626147900,2021-07-13,3214.00,3214.00,3175.00,3187.55,1809339
1626234300,2021-07-14,3187.00,3222.00,3185.00,3214.55,2044279
1626320700,2021-07-15,3227.60,3231.85,3194.00,3202.95,2232968
1626407100,2021-07-16,3213.00,3219.85,3192.00,3194.80,1256526
1626666300,2021-07-19,3180.00,3199.80,3176.00,3184.60,1597058
1626752700,2021-07-20,3184.60,3215.00,3156.15,3205.80,1811945
1626925500,2021-07-22,3190.00,3224.95,3190.00,3216.35,2859334
1627011900,2021-07-23,3230.00,3241.55,3206.65,3212.85,1776193
1627271100,2021-07-26,3200.00,3224.25,3190.85,3197.55,1259611
1627357500,2021-07-27,3200.00,3210.00,3161.15,3182.95,1121367
1627443900,2021-07-28,3188.00,3204.45,3132.40,3197.80,1660654
1627530300,2021-07-29,3200.25,3225.45,3190.30,3195.80,1731997
1627616700,2021-07-30,3219.00,3223.50,3162.35,3167.45,2999943
1627875900,2021-08-02,3180.00,3224.90,3167.00,3219.40,2608669
1627962300,2021-08-03,3229.00,3290.00,3218.95,3284.90,3804735
1628048700,2021-08-04,3300.00,3305.20,3261.20,3273.95,2929598
1628135100,2021-08-05,3275.00,3315.00,3262.50,3283.95,2534521
1628221500,2021-08-06,3272.55,3324.00,3265.00,3309.80,2292362
1628480700,2021-08-09,3323.90,3337.00,3310.00,3322.70,1510489
1628567100,2021-08-10,3315.60,3349.90,3315.60,3333.90,2040777
1628653500,2021-08-11,3350.00,3360.00,3327.10,3344.20,1929707
1628739900,2021-08-12,3326.00,3368.00,3326.00,3351.75,1310205
1628826300,2021-08-13,3360.75,3480.00,3357.50,3463.40,4363584
1629085500,2021-08-16,3460.00,3494.35,3436.50,3472.95,2083489
1629171900,2021-08-17,3482.10,3560.80,3463.00,3553.05,4336019
1629258300,2021-08-18,3573.85,3595.00,3536.60,3560.55,2631309
1629431100,2021-08-20,3506.00,3575.00,3500.00,3559.50,2836148
1629690300,2021-08-23,3580.00,3673.00,3561.90,3637.40,3744176
1629776700,2021-08-24,3657.00,3667.35,3594.40,3613.20,2511141
1629863100,2021-08-25,3610.00,3697.75,3607.05,3659.00,2123263
1629949500,2021-08-26,3660.00,3687.60,3647.90,3671.85,1902533
1630035900,2021-08-27,3666.00,3729.50,3651.10,3720.15,3944728
1630295100,2021-08-30,3715.00,3740.35,3687.60,3701.30,2033114
1630381500,2021-08-31,3709.40,3804.10,3703.45,3786.45,3207480
1630467900,2021-09-01,3796.00,3816.70,3707.00,3714.95,2643336
1630554300,2021-09-02,3734.00,3859.15,3722.00,3836.75,3403717
1630640700,2021-09-03,3825.00,3856.90,3804.55,3842.05,1746812
1630899900,2021-09-06,3849.70,3877.60,3814.00,3852.00,1723693
1630986300,2021-09-07,3864.00,3869.95,3808.25,3815.90,1585039
1631072700,2021-09-08,3810.00,3815.00,3756.00,3774.15,4147175
1631159100,2021-09-09,3789.70,3808.70,3765.00,3791.40,1441148
1631504700,2021-09-13,3767.00,3852.40,3767.00,3845.35,1691473
1631591100,2021-09-14,3849.95,3896.50,3825.00,3885.90,1991188
1631677500,2021-09-15,3882.10,3980.00,3866.00,3954.55,2461369
1631763900,2021-09-16,3930.00,3981.75,3892.10,3903.30,2946666
1631850300,2021-09-17,3920.00,3945.00,3805.00,3827.85,6477148
1632109500,2021-09-20,3809.00,3871.00,3807.85,3823.50,2002008
1632195900,2021-09-21,3858.00,3871.55,3821.65,3862.95,1568129
1632282300,2021-09-22,3862.50,3896.85,3852.45,3862.15,1744067
1632368700,2021-09-23,3870.00,3879.00,3835.00,3869.25,2003869
1632455100,2021-09-24,3890.00,3944.40,3855.00,3871.30,2320754
1632714300,2021-09-27,3900.00,3904.00,3802.90,3836.95,1673362
1632800700,2021-09-28,3850.00,3850.00,3751.25,3779.15,2253075
1632887100,2021-09-29,3759.80,3806.00,3722.15,3791.90,2489161
1632973500,2021-09-30,3805.00,3805.00,3750.10,3775.55,2252412
1633059900,2021-10-01,3781.75,3810.00,3725.00,3730.20,1578374
1633319100,2021-10-04,3724.80,3783.65,3707.45,3773.30,1356860
1633405500,2021-10-05,3754.00,3840.00,3741.60,3833.30,1877966
1633491900,2021-10-06,3836.00,3857.45,3795.00,3810.90,1678154
1633578300,2021-10-07,3830.00,3899.00,3820.05,3892.90,1647233
1633664700,2021-10-08,3925.00,3989.90,3900.00,3935.65,2934339
1633923900,2021-10-11,3755.00,3757.50,3660.00,3685.60,11845402
1634010300,2021-10-12,3706.00,3707.00,3630.60,3652.85,5752877
1634096700,2021-10-13,3650.00,3675.45,3645.00,3655.20,3545655
1634183100,2021-10-14,3625.00,3670.00,3608.20,3611.45,6442299
1634528700,2021-10-18,3603.45,3652.70,3601.45,3647.15,3590107
1634615100,2021-10-19,3669.00,3690.10,3625.20,3634.15,3135441
1634701500,2021-10-20,3612.00,3630.00,3578.30,3608.85,2933693
1634787900,2021-10-21,3604.10,3607.45,3511.25,3532.50,4871211
1634874300,2021-10-22,3560.00,3561.60,3485.00,3498.85,2691670
1635133500,2021-10-25,3503.00,3514.55,3450.00,3492.95,2595594
1635219900,2021-10-26,3494.50,3529.00,3475.00,3482.60,3878763
1635306300,2021-10-27,3483.00,3511.25,3483.00,3489.75,2510813
1635392700,2021-10-28,3518.00,3518.00,3415.00,3421.65,2424942
1635479100,2021-10-29,3400.05,3461.00,3385.95,3397.75,3960501
1635738300,2021-11-01,3437.95,3487.00,3412.95,3476.40,2020718
1635824700,2021-11-02,3494.00,3513.60,3469.75,3484.20,3087414
1635911100,2021-11-03,3504.20,3519.90,3466.05,3492.25,1537639
1636029900,2021-11-04,3512.95,3513.25,3505.00,3508.65,328991
1636343100,2021-11-08,3548.00,3548.00,3481.20,3502.75,2526082
1636429500,2021-11-09,3508.00,3535.00,3496.00,3505.70,1782692
1636515900,2021-11-10,3498.00,3519.70,3480.20,3484.30,1516489
1636602300,2021-11-11,3480.00,3510.05,3436.00,3488.20,1284514
1636688700,2021-11-12,3506.00,3534.15,3485.70,3526.05,1747259
1636947900,2021-11-15,3528.00,3569.60,3528.00,3553.30,1809157
1637034300,2021-11-16,3569.00,3575.55,3542.00,3556.40,2013204
1637120700,2021-11-17,3550.60,3562.85,3506.40,3521.90,1632914
1637207100,2021-11-18,3515.15,3520.85,3451.60,3475.70,2136598
1637552700,2021-11-22,3478.40,3515.95,3440.30,3458.40,3167936
1637639100,2021-11-23,3445.00,3480.95,3407.80,3464.25,2153461
1637725500,2021-11-24,3472.20,3493.05,3424.00,3443.30,2161746
1637811900,2021-11-25,3443.90,3463.00,3434.05,3445.90,1849619
1637898300,2021-11-26,3425.00,3490.00,3411.90,3446.85,1941251
1638157500,2021-11-29,3447.15,3529.35,3406.45,3502.00,2981745
1638243900,2021-11-30,3491.00,3563.75,3491.00,3529.15,5588446
1638330300,2021-12-01,3535.00,3590.00,3535.00,3577.80,2102118
1638416700,2021-12-02,3589.20,3648.00,3574.10,3642.90,3152938
1638503100,2021-12-03,3646.45,3665.95,3630.85,3640.45,2486263
1638762300,2021-12-06,3640.45,3658.00,3522.00,3536.40,1849642
1638848700,2021-12-07,3562.50,3598.00,3524.30,3584.50,1484458
1638935100,2021-12-08,3601.00,3646.45,3601.00,3626.90,1428660
1639021500,2021-12-09,3610.00,3634.75,3566.00,3601.75,1567957
1639107900,2021-12-10,3585.00,3642.00,3575.10,3636.80,1510718
1639367100,2021-12-13,3650.00,3662.00,3601.70,3609.65,1883864
1639453500,2021-12-14,3605.00,3635.00,3576.70,3623.80,1747007
1639539900,2021-12-15,3620.00,3623.00,3558.15,3570.35,1603233
1639626300,2021-12-16,3582.00,3608.45,3570.00,3581.60,2072320
1639712700,2021-12-17,3602.50,3651.35,3573.70,3584.35,4333992
1639971900,2021-12-20,3589.00,3606.00,3510.15,3556.90,2312310
1640058300,2021-12-21,3582.65,3641.20,3566.40,3608.30,2340989
1640144700,2021-12-22,3624.00,3636.80,3606.25,3630.75,1224328
1640231100,2021-12-23,3648.00,3670.50,3630.00,3662.70,1792861
1640317500,2021-12-24,3685.00,3705.00,3644.80,3670.90,2209923
1640576700,2021-12-27,3671.00,3700.00,3653.10,3696.10,1534135
1640663100,2021-12-28,3710.00,3725.00,3693.85,3706.55,1456218
1640749500,2021-12-29,3692.25,3719.95,3685.00,3694.70,1456923
1640835900,2021-12-30,3681.35,3740.00,3680.00,3733.75,1966475
1640922300,2021-12-31,3742.80,3760.00,3731.30,3738.35,1207141
1641181500,2022-01-03,3750.00,3830.00,3745.00,3817.75,2346158
1641267900,2022-01-04,3831.10,3889.15,3811.70,3884.75,2488606
1641354300,2022-01-05,3865.00,3870.00,3812.40,3860.95,1733031
1641440700,2022-01-06,3812.00,3835.00,3772.00,3807.45,1810293
1641527100,2022-01-07,3820.00,3864.90,3796.40,3853.50,2460591
1641786300,2022-01-10,3978.00,3978.00,3861.00,3879.85,3937092
1641872700,2022-01-11,3856.00,3925.00,3856.00,3915.90,1906106
1641959100,2022-01-12,3925.00,3929.00,3836.55,3859.90,3203744
1642045500,2022-01-13,3918.00,3923.00,3857.00,3897.90,6684507
1642131900,2022-01-14,3877.85,3977.00,3860.05,3968.15,3348123
1642391100,2022-01-17,3992.70,4043.00,3962.30,4019.15,3442604
1642477500,2022-01-18,4033.95,4041.70,3980.00,3990.60,2389041
1642563900,2022-01-19,4012.00,4012.00,3910.50,3914.65,3102539
1642650300,2022-01-20,3910.00,3920.00,3811.00,3826.55,6176776
1642736700,2022-01-21,3807.00,3851.55,3771.10,3833.50,3112358
1642995900,2022-01-24,3840.00,3849.65,3740.10,3771.35,3258414
1643082300,2022-01-25,3769.50,3809.40,3722.20,3769.90,3330501
1643255100,2022-01-27,3731.00,3733.40,3625.10,3649.25,5718297
1643341500,2022-01-28,3646.00,3729.80,3646.00,3690.05,3143862
1643600700,2022-01-31,3749.00,3758.00,3721.40,3736.25,2739393
1643687100,2022-02-01,3770.00,3808.00,3736.40,3800.65,2105169
1643773500,2022-02-02,3827.90,3864.00,3800.65,3856.20,1984212
1643859900,2022-02-03,3851.00,3882.50,3816.05,3824.60,1960538
1643946300,2022-02-04,3815.30,3824.70,3769.00,3814.90,2307366
1644205500,2022-02-07,3791.00,3831.80,3756.15,3779.00,1919149
1644291900,2022-02-08,3791.55,3799.70,3721.00,3743.45,2946443
1644378300,2022-02-09,3750.00,3777.95,3746.10,3760.55,1638721
1644464700,2022-02-10,3789.80,3789.80,3758.00,3770.35,2112459
1644551100,2022-02-11,3752.50,3752.50,3690.00,3694.95,3851488
1644810300,2022-02-14,3724.00,3793.25,3710.00,3733.75,5951745
1644896700,2022-02-15,3786.00,3835.00,3748.00,3817.80,3931683
1644983100,2022-02-16,3844.00,3854.10,3806.00,3813.10,3256906
1645069500,2022-02-17,3825.00,3835.00,3779.00,3784.20,3134372
1645155900,2022-02-18,3769.00,3815.95,3757.60,3793.90,3688883
1645415100,2022-02-21,3810.00,3827.80,3705.55,3719.40,7465922
1645501500,2022-02-22,3650.00,3667.90,3570.00,3586.40,5408531
1645587900,2022-02-23,3611.00,3622.90,3555.65,3563.80,2426203
1645674300,2022-02-24,3474.00,3483.85,3391.10,3401.65,5039136
1645760700,2022-02-25,3468.00,3530.00,3462.00,3520.75,2549723
1646019900,2022-02-28,3490.00,3563.75,3455.90,3554.20,3288942
1646192700,2022-03-02,3552.50,3571.95,3506.00,3546.15,2761341
1646279100,2022-03-03,3562.85,3578.60,3530.10,3544.40,1928039
1646365500,2022-03-04,3501.50,3561.20,3487.05,3524.35,2370257
1646624700,2022-03-07,3450.00,3548.00,3431.55,3484.90,3054130
1646711100,2022-03-08,3460.00,3609.00,3460.00,3599.95,3300992
1646797500,2022-03-09,3605.00,3654.00,3597.05,3632.60,2719654
1646883900,2022-03-10,3684.00,3684.00,3615.00,3620.95,2005441
1646970300,2022-03-11,3603.25,3639.85,3592.85,3599.15,1623423
1647229500,2022-03-14,3580.00,3648.35,3580.00,3643.00,1765688
1647315900,2022-03-15,3659.00,3659.00,3585.40,3593.90,3651133
1647402300,2022-03-16,3640.50,3668.00,3616.25,3655.90,3090475
1647488700,2022-03-17,3696.60,3710.00,3660.30,3672.75,3600452
1647834300,2022-03-21,3696.00,3713.95,3615.00,3626.70,2413831
1647920700,2022-03-22,3640.00,3711.00,3625.00,3700.95,2907611
1648007100,2022-03-23,3708.00,3729.80,3690.00,3712.40,1596195
1648093500,2022-03-24,3700.00,3758.20,3695.00,3749.85,1879046
1648179900,2022-03-25,3759.90,3779.50,3672.00,3707.45,1690133
1648439100,2022-03-28,3695.00,3713.00,3661.20,3707.70,1760990
1648525500,2022-03-29,3694.75,3722.00,3691.00,3705.35,2689063
1648611900,2022-03-30,3738.00,3738.00,3706.20,3731.55,1583455
1648698300,2022-03-31,3740.00,3754.65,3720.20,3739.95,2168110
1648784700,2022-04-01,3748.00,3763.00,3728.05,3758.75,1387014
1649043900,2022-04-04,3762.00,3780.00,3737.10,3770.35,1472994
1649130300,2022-04-05,3772.00,3835.60,3772.00,3814.80,2314947
1649216700,2022-04-06,3809.30,3809.30,3731.15,3755.35,2051729
1649303100,2022-04-07,3745.50,3745.50,3679.00,3684.15,2494829
1649389500,2022-04-08,3690.00,3705.00,3642.50,3685.65,2296773
1649648700,2022-04-11,3690.00,3712.35,3656.10,3696.40,2291660
1649735100,2022-04-12,3683.00,3739.00,3648.35,3691.10,4483476
1649821500,2022-04-13,3707.00,3709.85,3655.55,3661.95,1621672
1650253500,2022-04-18,3610.00,3610.00,3522.50,3528.05,3820792
1650339900,2022-04-19,3550.00,3563.55,3439.15,3471.90,3170014
1650426300,2022-04-20,3500.00,3569.15,3480.00,3556.80,2640370
1650512700,2022-04-21,3580.00,3644.00,3567.40,3628.65,2280996
1650599100,2022-04-22,3581.10,3617.00,3571.50,3612.55,1581465
1650858300,2022-04-25,3558.00,3584.00,3533.10,3548.20,1960694
1650944700,2022-04-26,3575.15,3587.90,3518.15,3546.30,1943469
1651031100,2022-04-27,3546.00,3568.45,3506.30,3561.20,1727648
1651117500,2022-04-28,3588.00,3604.40,3538.05,3584.30,1703660
1651203900,2022-04-29,3597.00,3623.25,3536.85,3546.70,2051115
1651463100,2022-05-02,3519.90,3547.95,3492.75,3542.40,1324161
1651635900,2022-05-04,3538.50,3545.45,3465.30,3479.75,2305825
1651722300,2022-05-05,3512.10,3533.00,3485.35,3513.40,1612262
1651808700,2022-05-06,3459.00,3474.50,3424.50,3432.60,2010812
1652067900,2022-05-09,3398.00,3456.00,3346.85,3445.10,2481830
1652154300,2022-05-10,3434.00,3464.80,3422.00,3438.75,1622685
1652240700,2022-05-11,3435.00,3448.45,3382.15,3412.00,1841769
1652327100,2022-05-12,3378.00,3449.70,3350.10,3408.65,2807195
1652413500,2022-05-13,3435.00,3439.90,3382.15,3414.90,2187823
1652672700,2022-05-16,3415.00,3430.00,3366.60,3376.80,1195813
1652759100,2022-05-17,3370.00,3467.00,3350.40,3451.60,1754076
1652845500,2022-05-18,3465.00,3495.00,3443.05,3448.80,1866781
1652931900,2022-05-19,3397.00,3405.00,3230.00,3261.95,4642963
1653018300,2022-05-20,3310.00,3313.90,3270.05,3293.00,3065125
1653277500,2022-05-23,3304.80,3338.90,3267.00,3321.75,2293690
1653363900,2022-05-24,3315.15,3324.85,3275.60,3288.00,1711510
1653450300,2022-05-25,3292.85,3292.85,3154.05,3167.65,3548046
1653536700,2022-05-26,3191.00,3241.50,3180.55,3226.95,2813186
1653623100,2022-05-27,3253.20,3278.90,3229.20,3261.30,3103153
1653882300,2022-05-30,3297.00,3386.60,3286.35,3375.25,2094624
1653968700,2022-05-31,3354.15,3383.40,3325.00,3364.35,4840965
1654055100,2022-06-01,3388.00,3388.00,3340.05,3355.20,1493835
1654141500,2022-06-02,3355.00,3432.00,3346.30,3423.00,2657939
1654227900,2022-06-03,3459.40,3477.30,3431.20,3440.15,1913622
1654487100,2022-06-06,3418.00,3453.00,3377.15,3430.95,1084210
1654573500,2022-06-07,3401.05,3418.85,3356.00,3362.70,2308256
1654659900,2022-06-08,3380.15,3413.95,3346.50,3404.15,2185707
1654746300,2022-06-09,3385.00,3437.00,3353.10,3427.10,1279197
1654832700,2022-06-10,3382.00,3393.00,3352.00,3359.90,1527582
1655091900,2022-06-13,3290.00,3293.00,3192.45,3219.60,3030921
1655178300,2022-06-14,3190.00,3238.90,3174.70,3210.55,2611493
1655264700,2022-06-15,3218.50,3234.00,3201.00,3206.30,1404536
1655351100,2022-06-16,3240.00,3244.85,3133.05,3142.00,2032028
1655437500,2022-06-17,3092.00,3118.75,3023.85,3088.90,5240434
1655696700,2022-06-20,3094.00,3138.75,3069.00,3112.40,1502769
1655783100,2022-06-21,3130.00,3237.75,3125.40,3211.95,2964461
1655869500,2022-06-22,3199.90,3250.55,3183.00,3222.95,3336315
1655955900,2022-06-23,3222.95,3318.00,3222.95,3308.80,3692578
1656042300,2022-06-24,3339.00,3345.00,3277.50,3293.10,2132118
1656301500,2022-06-27,3350.00,3362.90,3306.50,3314.70,2037686
1656387900,2022-06-28,3307.00,3330.00,3272.60,3318.15,1400046
1656474300,2022-06-29,3271.00,3333.00,3271.00,3290.50,2133994
1656560700,2022-06-30,3272.00,3310.90,3255.00,3267.10,2719603
1656647100,2022-07-01,3260.00,3333.00,3252.05,3315.10,1502879
1656906300,2022-07-04,3312.00,3317.95,3225.05,3235.05,2622535
1656992700,2022-07-05,3255.00,3272.00,3206.95,3216.30,2170627
1657079100,2022-07-06,3218.50,3268.50,3202.25,3260.75,2182144
1657165500,2022-07-07,3271.00,3319.40,3265.05,3287.85,1989921
1657251900,2022-07-08,3300.00,3305.00,3250.00,3265.45,2136916
1657511100,2022-07-11,3206.15,3225.00,3106.00,3113.80,6974600
1657597500,2022-07-12,3114.90,3136.20,3080.25,3084.70,3734815
1657683900,2022-07-13,3104.00,3110.00,3035.00,3038.75,3863530
1657770300,2022-07-14,3056.00,3057.00,2967.00,2998.75,4764908
1657856700,2022-07-15,3018.55,3028.90,2953.00,2994.60,4574806
1658115900,2022-07-18,3023.00,3076.95,3014.30,3063.50,3202795
1658202300,2022-07-19,3030.05,3078.95,3030.05,3074.25,1865074
1658288700,2022-07-20,3107.80,3171.95,3098.05,3164.80,3402251
1658375100,2022-07-21,3167.00,3184.00,3144.05,3177.30,2420640
1658461500,2022-07-22,3185.00,3197.00,3143.50,3171.00,2075886
1658720700,2022-07-25,3165.00,3186.45,3149.10,3166.75,1797504
1658807100,2022-07-26,3164.70,3168.90,3096.50,3115.90,2639367
1658893500,2022-07-27,3115.00,3194.10,3110.00,3188.85,1389808
1658979900,2022-07-28,3216.00,3264.00,3201.65,3260.50,2106333
1659066300,2022-07-29,3290.00,3317.30,3275.00,3301.90,2430257
1659325500,2022-08-01,3327.00,3327.00,3271.00,3298.80,1306913
1659411900,2022-08-02,3290.00,3312.90,3271.65,3291.80,1269114
1659498300,2022-08-03,3280.00,3349.00,3277.05,3339.50,2895824
1659584700,2022-08-04,3350.00,3387.90,3307.35,3354.95,2150567
1659671100,2022-08-05,3361.20,3377.00,3355.00,3365.05,1106933
1659930300,2022-08-08,3365.00,3378.90,3336.00,3374.45,1068836
1660103100,2022-08-10,3385.00,3385.00,3335.00,3354.25,1878359
1660189500,2022-08-11,3400.00,3428.70,3375.05,3422.50,1449248
1660275900,2022-08-12,3419.00,3419.00,3381.25,3401.55,1472354
1660621500,2022-08-16,3411.00,3414.85,3387.50,3392.70,839942
1660707900,2022-08-17,3385.10,3417.95,3371.10,3401.10,1622326
1660794300,2022-08-18,3390.00,3392.00,3362.00,3381.25,1430659
1660880700,2022-08-19,3387.00,3421.50,3371.25,3385.75,1398410
1661139900,2022-08-22,3365.00,3384.10,3347.40,3354.55,1536532
1661226300,2022-08-23,3319.95,3341.90,3270.00,3284.60,1849256
1661312700,2022-08-24,3292.00,3308.00,3250.20,3255.35,1691923
1661399100,2022-08-25,3276.00,3278.15,3214.75,3218.20,1946930
1661485500,2022-08-26,3234.30,3257.00,3216.80,3222.20,1457962
1661744700,2022-08-29,3125.00,3142.70,3081.00,3132.55,2539173
1661831100,2022-08-30,3155.00,3226.50,3142.10,3211.15,3431525
1662003900,2022-09-01,3190.00,3190.00,3121.00,3131.70,3546935
1662090300,2022-09-02,3163.00,3163.00,3120.30,3130.40,2052900
1662349500,2022-09-05,3123.65,3147.95,3112.25,3133.40,2147912
1662435900,2022-09-06,3135.50,3140.85,3106.35,3127.05,1936453
1662522300,2022-09-07,3102.00,3161.90,3102.00,3149.60,1291534
1662608700,2022-09-08,3170.00,3183.50,3160.10,3169.65,1346113
1662695100,2022-09-09,3195.00,3233.50,3168.50,3217.65,1561185
1662954300,2022-09-12,3239.90,3269.80,3225.00,3242.95,1785928
1663040700,2022-09-13,3263.45,3263.45,3225.00,3229.35,1972678
1663127100,2022-09-14,3135.00,3141.40,3113.80,3120.40,5090269
1663213500,2022-09-15,3130.00,3137.75,3100.00,3104.35,2138023
1663299900,2022-09-16,3076.00,3094.35,3000.00,3008.70,5322221
1663559100,2022-09-19,3036.00,3042.00,2987.80,3028.80,2072220
1663645500,2022-09-20,3050.00,3079.95,3030.00,3040.30,1544295
1663731900,2022-09-21,3028.00,3041.40,2998.15,3001.20,2253818
1663818300,2022-09-22,2990.00,3029.95,2979.30,3007.40,2017983
1663904700,2022-09-23,3004.00,3022.50,2979.00,2982.05,2652374
1664163900,2022-09-26,2959.85,3025.85,2926.10,2994.40,2925489
1664250300,2022-09-27,3009.40,3025.00,2976.00,3017.45,2227447
1664336700,2022-09-28,2980.00,3049.95,2980.00,3035.65,2739767
1664423100,2022-09-29,3054.00,3055.85,2990.00,2997.30,2493902
1664509500,2022-09-30,2990.85,3019.70,2950.10,3004.55,2817353
1664768700,2022-10-03,2995.00,3020.70,2974.00,2984.95,1763331
1664855100,2022-10-04,3029.95,3098.00,3023.00,3091.15,2145875
1665027900,2022-10-06,3111.00,3124.00,3092.45,3101.95,1790816
1665114300,2022-10-07,3097.40,3105.00,3058.10,3064.90,1939879
1665373500,2022-10-10,3010.00,3127.00,3005.00,3118.55,3064063
1665459900,2022-10-11,3100.00,3145.00,3053.35,3069.55,4730645
1665546300,2022-10-12,3084.90,3109.90,3062.05,3100.75,1665247
1665632700,2022-10-13,3100.75,3110.00,3052.35,3103.30,2054781
1665719100,2022-10-14,3145.00,3150.00,3071.00,3099.15,2245977
1665978300,2022-10-17,3072.65,3128.40,3071.45,3111.75,1517005
1666064700,2022-10-18,3150.00,3155.35,3128.55,3144.70,1793722
1666151100,2022-10-19,3159.00,3159.00,3112.00,3121.85,1194289
1666237500,2022-10-20,3105.00,3160.00,3105.00,3157.30,1587601
1666323900,2022-10-21,3157.80,3160.40,3127.00,3137.40,1021913
1666615500,2022-10-24,3170.10,3178.00,3155.00,3161.70,260949
1666669500,2022-10-25,3180.50,3184.25,3151.15,3162.10,2069643
1666842300,2022-10-27,3160.70,3174.00,3134.35,3157.40,2438421
1666928700,2022-10-28,3150.00,3178.50,3145.00,3163.25,1355739
1667187900,2022-10-31,3199.00,3199.00,3177.80,3193.15,1919414
1667274300,2022-11-01,3214.50,3262.60,3203.45,3259.70,2991060
1667360700,2022-11-02,3270.00,3270.00,3222.05,3241.70,1405955
1667447100,2022-11-03,3228.05,3228.05,3195.00,3206.75,1422652
1667533500,2022-11-04,3217.00,3220.05,3166.15,3217.40,1464013
1667792700,2022-11-07,3229.00,3242.80,3195.10,3233.70,1474498
1667965500,2022-11-09,3249.80,3249.80,3201.65,3216.05,1162267
1668051900,2022-11-10,3170.00,3225.00,3170.00,3205.65,1573092
1668138300,2022-11-11,3269.60,3341.60,3255.05,3315.95,3265394
1668397500,2022-11-14,3324.00,3349.00,3309.00,3335.50,1342074
1668483900,2022-11-15,3321.00,3339.95,3292.00,3332.60,1400708
1668570300,2022-11-16,3338.90,3367.90,3321.45,3355.35,1748235
1668656700,2022-11-17,3340.00,3360.00,3317.75,3349.00,1417986
1668743100,2022-11-18,3350.00,3362.75,3321.00,3343.45,1164540
1669002300,2022-11-21,3322.50,3333.70,3273.00,3283.50,1304194
1669088700,2022-11-22,3280.00,3318.95,3255.25,3314.95,1149739
1669175100,2022-11-23,3330.00,3330.00,3291.00,3308.30,1150011
1669261500,2022-11-24,3316.25,3392.95,3308.30,3380.15,1296591
1669347900,2022-11-25,3383.00,3403.35,3348.00,3389.65,1588981
1669607100,2022-11-28,3366.00,3417.00,3365.55,3395.25,2195437
1669693500,2022-11-29,3383.00,3429.00,3383.00,3397.35,1576028
1669779900,2022-11-30,3383.00,3414.90,3375.00,3390.80,3410702
1669866300,2022-12-01,3425.00,3480.00,3420.00,3475.65,2180856
1669952700,2022-12-02,3458.10,3468.90,3413.00,3439.15,2411749
1670211900,2022-12-05,3433.00,3439.15,3407.00,3425.90,1475065
1670298300,2022-12-06,3400.05,3407.95,3368.00,3385.35,1166999
1670384700,2022-12-07,3368.30,3393.70,3354.00,3380.60,1167505
1670471100,2022-12-08,3360.00,3380.60,3339.45,3350.55,1285619
1670557500,2022-12-09,3374.10,3374.10,3276.35,3292.75,1797896
1670816700,2022-12-12,3255.50,3296.00,3236.10,3286.45,1527610
1670903100,2022-12-13,3277.20,3336.45,3267.80,3332.10,1378016
1670989500,2022-12-14,3348.80,3377.00,3340.90,3365.35,1213311
1671075900,2022-12-15,3358.80,3364.75,3298.95,3305.10,1415694
1671162300,2022-12-16,3275.00,3292.00,3225.20,3240.25,2703680
1671421500,2022-12-19,3227.00,3245.50,3194.50,3202.05,2120965
1671507900,2022-12-20,3198.90,3249.00,3163.65,3243.95,1529971
1671594300,2022-12-21,3249.00,3283.05,3240.00,3268.55,1432566
1671680700,2022-12-22,3294.00,3294.00,3245.10,3259.70,1384101
1671767100,2022-12-23,3217.00,3266.85,3217.00,3228.35,1360281
1672026300,2022-12-26,3228.35,3272.00,3225.05,3252.90,870157
1672112700,2022-12-27,3269.20,3273.80,3231.50,3259.50,835883
1672199100,2022-12-28,3249.80,3266.10,3226.00,3257.10,910795
1672285500,2022-12-29,3231.10,3271.50,3228.00,3268.75,1037927
1672371900,2022-12-30,3286.05,3299.00,3246.20,3256.70,1163131
1672631100,2023-01-02,3261.00,3266.85,3235.20,3261.45,709547
1672717500,2023-01-03,3252.00,3320.00,3245.30,3311.35,1245178
1672803900,2023-01-04,3306.70,3327.35,3286.20,3314.65,1231668
1672890300,2023-01-05,3330.20,3337.30,3281.95,3311.10,1826057
1672976700,2023-01-06,3300.00,3301.55,3200.00,3211.55,2488376
1673235900,2023-01-09,3229.00,3327.00,3221.15,3319.95,2885060
1673322300,2023-01-10,3285.00,3298.00,3230.10,3286.40,3864655
1673408700,2023-01-11,3290.10,3349.50,3271.15,3328.70,2720512
1673495100,2023-01-12,3329.00,3350.00,3315.55,3334.35,2250391
1673581500,2023-01-13,3342.90,3379.00,3305.00,3374.55,1742837
1673840700,2023-01-16,3317.00,3353.00,3298.05,3334.05,1843607
1673927100,2023-01-17,3330.00,3381.80,3321.00,3378.40,1688475
1674013500,2023-01-18,3380.00,3408.95,3372.25,3390.00,2421189
1674099900,2023-01-19,3380.00,3387.00,3361.00,3373.10,1585044
1674186300,2023-01-20,3365.00,3394.65,3355.60,3363.10,1529349
1674445500,2023-01-23,3388.00,3419.00,3355.60,3414.90,1067916
1674531900,2023-01-24,3425.00,3451.95,3417.30,3436.30,1387863
1674618300,2023-01-25,3425.30,3435.00,3405.00,3429.75,874110
1674791100,2023-01-27,3426.00,3446.00,3382.30,3411.05,1785879
1675050300,2023-01-30,3420.00,3458.45,3385.55,3433.65,1953798
1675136700,2023-01-31,3449.00,3449.00,3351.00,3358.70,2820375
1675223100,2023-02-01,3363.00,3419.00,3355.00,3408.35,2205161
1675309500,2023-02-02,3427.00,3469.00,3420.10,3460.40,1813847
1675395900,2023-02-03,3504.00,3504.00,3452.90,3482.30,1804469
1675655100,2023-02-06,3473.15,3473.15,3436.85,3459.95,1138714
1675741500,2023-02-07,3468.90,3493.00,3461.40,3472.55,1455647
1675827900,2023-02-08,3478.05,3539.90,3478.05,3520.10,1986946
1675914300,2023-02-09,3515.00,3547.60,3505.30,3540.85,1655427
1676000700,2023-02-10,3520.00,3542.35,3508.15,3537.55,1187821
1676259900,2023-02-13,3549.00,3549.00,3473.40,3482.40,1087939
1676346300,2023-02-14,3505.00,3524.85,3495.00,3500.10,1579818
1676432700,2023-02-15,3487.00,3526.00,3460.15,3520.65,1429449
1676519100,2023-02-16,3527.20,3575.00,3527.00,3558.05,1618931
1676605500,2023-02-17,3526.15,3538.90,3490.00,3501.15,1061369
1676864700,2023-02-20,3502.00,3522.00,3475.05,3487.30,1296082
1676951100,2023-02-21,3494.00,3508.90,3444.75,3451.00,1139541
1677037500,2023-02-22,3414.95,3447.00,3395.00,3401.55,1218430
1677123900,2023-02-23,3421.00,3452.40,3408.00,3413.80,1441570
1677210300,2023-02-24,3422.50,3433.95,3382.30,3400.45,977592
1677469500,2023-02-27,3390.00,3390.00,3316.00,3331.85,1128022
1677555900,2023-02-28,3328.50,3392.00,3299.90,3312.85,4116217
1677642300,2023-03-01,3323.00,3389.00,3315.00,3385.70,1669307
1677728700,2023-03-02,3361.00,3369.90,3318.00,3321.45,1556538
1677815100,2023-03-03,3354.00,3358.00,3331.10,3342.15,1043190
1678074300,2023-03-06,3361.90,3404.95,3359.00,3371.85,1334132
1678247100,2023-03-08,3364.00,3396.00,3330.85,3390.40,1844590
1678333500,2023-03-09,3385.00,3385.00,3330.85,3336.85,1648500
1678419900,2023-03-10,3312.90,3337.25,3290.00,3331.00,1024404
1678679100,2023-03-13,3333.00,3369.80,3272.00,3281.95,1901233
1678765500,2023-03-14,3280.00,3304.40,3209.40,3214.95,2670334
1678851900,2023-03-15,3250.00,3260.35,3192.00,3198.90,1780522
1678938300,2023-03-16,3208.00,3219.80,3172.00,3185.00,1901060
1679024700,2023-03-17,3150.50,3221.40,3144.00,3179.30,6739966
1679283900,2023-03-20,3169.65,3169.65,3095.05,3143.30,2289468
1679370300,2023-03-21,3143.30,3156.75,3097.45,3106.10,1815297
1679456700,2023-03-22,3130.05,3143.50,3106.10,3130.80,1123939
1679543100,2023-03-23,3114.90,3146.35,3101.00,3124.65,1372218
1679629500,2023-03-24,3148.90,3170.00,3106.00,3120.50,1329577
1679888700,2023-03-27,3135.00,3152.75,3106.00,3122.30,1524217
1679975100,2023-03-28,3127.00,3149.55,3110.15,3115.90,1303530
1680061500,2023-03-29,3129.00,3150.00,3104.10,3138.90,1740616
1680234300,2023-03-31,3189.95,3213.00,3152.00,3205.90,2382581
1680493500,2023-04-03,3224.95,3224.95,3173.75,3200.00,1521830
1680666300,2023-04-05,3185.50,3264.35,3185.50,3239.80,2655065
1680752700,2023-04-06,3225.00,3257.35,3215.00,3220.70,1703464
1681098300,2023-04-10,3220.00,3272.00,3215.00,3263.40,2203187
1681184700,2023-04-11,3264.00,3272.95,3192.15,3213.80,2348779
1681271100,2023-04-12,3227.95,3260.95,3199.00,3241.65,2417727
1681357500,2023-04-13,3210.00,3230.00,3180.00,3188.85,4174070
1681703100,2023-04-17,3134.10,3163.40,3070.25,3139.50,5505048
1681789500,2023-04-18,3154.95,3156.85,3110.60,3130.75,2617302
1681875900,2023-04-19,3130.75,3140.00,3071.50,3089.60,3298034
1681962300,2023-04-20,3090.00,3113.00,3078.00,3104.80,2419999
1682048700,2023-04-21,3110.00,3164.45,3100.80,3160.85,1929184
1682307900,2023-04-24,3151.10,3180.95,3126.15,3174.80,1640676
1682394300,2023-04-25,3183.00,3191.20,3147.50,3176.00,2024090
1682480700,2023-04-26,3181.00,3208.40,3181.00,3198.15,2000029
1682567100,2023-04-27,3185.00,3199.20,3170.65,3187.95,2434446
1682653500,2023-04-28,3200.40,3227.25,3196.25,3219.25,2931312
1682999100,2023-05-02,3235.00,3235.00,3210.00,3219.40,2321159
1683085500,2023-05-03,3216.00,3216.00,3173.15,3179.90,2468285
1683171900,2023-05-04,3180.15,3224.45,3178.00,3220.70,1953253
1683258300,2023-05-05,3220.00,3244.00,3210.05,3230.70,1710027
1683517500,2023-05-08,3245.00,3254.85,3231.30,3250.60,928235
1683603900,2023-05-09,3252.60,3298.00,3246.00,3283.25,1107375
1683690300,2023-05-10,3290.00,3306.50,3266.05,3286.80,1559987
1683776700,2023-05-11,3309.00,3309.70,3272.00,3282.15,1719623
1683863100,2023-05-12,3279.15,3290.00,3260.00,3274.30,1027479
1684122300,2023-05-15,3284.00,3292.00,3248.35,3255.05,1150390
1684208700,2023-05-16,3256.20,3285.00,3250.45,3258.15,986306
1684295100,2023-05-17,3255.95,3280.00,3198.25,3208.70,1588815
1684381500,2023-05-18,3225.95,3228.95,3195.00,3199.85,1369364
1684467900,2023-05-19,3210.00,3234.50,3203.05,3222.85,1152449
1684727100,2023-05-22,3230.00,3308.45,3217.05,3298.70,1333243
1684813500,2023-05-23,3306.00,3327.95,3290.10,3297.05,1687418
1684899900,2023-05-24,3276.00,3317.20,3276.00,3303.35,1016555
1684986300,2023-05-25,3294.00,3306.00,3267.10,3293.50,1374917
1685072700,2023-05-26,3293.50,3338.65,3291.00,3328.90,1791115
1685331900,2023-05-29,3360.80,3372.00,3312.00,3320.35,1210372
1685418300,2023-05-30,3315.00,3326.95,3301.35,3316.20,1344224
1685504700,2023-05-31,3309.00,3327.70,3265.15,3289.50,5815424
1685591100,2023-06-01,3314.00,3340.00,3297.50,3324.00,1177314
1685677500,2023-06-02,3326.25,3335.90,3297.45,3305.60,2030661
1685936700,2023-06-05,3315.00,3327.00,3285.05,3288.90,1861468
1686023100,2023-06-06,3280.00,3288.85,3220.60,3232.30,2022849
1686109500,2023-06-07,3253.00,3278.85,3241.00,3274.90,1567196
1686195900,2023-06-08,3261.00,3270.00,3233.00,3236.45,1759366
1686282300,2023-06-09,3245.00,3250.00,3205.35,3209.30,1775689
1686541500,2023-06-12,3215.00,3254.40,3211.00,3246.90,2324605
1686627900,2023-06-13,3260.00,3265.00,3239.00,3243.70,1371928
1686714300,2023-06-14,3243.70,3255.85,3225.85,3251.05,1658544
1686800700,2023-06-15,3245.30,3247.45,3210.00,3216.30,2273810
1686887100,2023-06-16,3197.00,3199.40,3156.00,3174.90,4156189
1687146300,2023-06-19,3190.00,3214.90,3175.00,3210.40,1468186
1687232700,2023-06-20,3214.00,3232.50,3201.05,3227.70,1528452
1687319100,2023-06-21,3250.00,3261.40,3223.95,3258.20,1645987
1687405500,2023-06-22,3260.00,3267.65,3230.10,3238.50,1529603
1687491900,2023-06-23,3237.30,3249.40,3209.15,3216.35,1119505
1687751100,2023-06-26,3205.00,3213.90,3173.00,3189.65,1978803
1687837500,2023-06-27,3202.00,3209.65,3182.30,3197.35,863542
1687923900,2023-06-28,3208.00,3230.95,3193.40,3215.45,1575872
1688096700,2023-06-30,3220.00,3310.00,3214.10,3302.25,2672406
1688355900,2023-07-03,3314.30,3318.80,3268.75,3272.30,1687264
1688442300,2023-07-04,3290.00,3315.00,3277.30,3308.85,1656681
1688528700,2023-07-05,3320.00,3329.00,3305.00,3319.95,1453008
1688615100,2023-07-06,3306.55,3328.45,3302.00,3322.90,1848238
1688701500,2023-07-07,3302.00,3356.90,3302.00,3329.25,1789326
1688960700,2023-07-10,3324.75,3324.75,3265.20,3271.95,1407431
1689047100,2023-07-11,3295.00,3295.00,3260.80,3272.40,1110172
1689133500,2023-07-12,3280.95,3289.15,3250.10,3259.90,1515240
1689219900,2023-07-13,3284.00,3367.45,3272.75,3340.55,4585146
1689306300,2023-07-14,3365.00,3524.85,3352.00,3514.65,6306101
1689565500,2023-07-17,3510.00,3549.90,3477.05,3491.70,2743228
1689651900,2023-07-18,3476.00,3524.00,3465.00,3496.85,2600090
1689738300,2023-07-19,3500.00,3516.85,3445.65,3470.05,2405370
1689824700,2023-07-20,3453.10,3478.90,3436.05,3463.30,1715404
1689911100,2023-07-21,3404.05,3434.90,3359.05,3368.30,3770223
1690170300,2023-07-24,3381.00,3413.45,3372.10,3394.75,1680132
1690256700,2023-07-25,3397.50,3406.80,3380.20,3399.15,1272980
1690343100,2023-07-26,3400.35,3420.85,3385.00,3388.30,1066803
1690429500,2023-07-27,3394.95,3411.65,3385.05,3396.90,1701769
1690515900,2023-07-28,3385.00,3393.70,3331.00,3355.40,2599831
1690775100,2023-07-31,3364.40,3426.65,3360.90,3421.45,2743678
1690861500,2023-08-01,3415.00,3460.00,3415.00,3452.05,1956167
1690947900,2023-08-02,3434.95,3446.40,3413.60,3440.65,1914899
1691034300,2023-08-03,3420.00,3433.25,3368.00,3399.95,2026351
1691120700,2023-08-04,3401.25,3471.00,3401.25,3443.55,2248493
1691379900,2023-08-07,3453.95,3488.00,3441.25,3484.05,1853889
1691466300,2023-08-08,3484.05,3489.95,3456.60,3470.60,1634225
1691552700,2023-08-09,3464.90,3467.00,3425.05,3462.50,1794589
1691639100,2023-08-10,3450.00,3464.90,3430.05,3442.10,1096701
1691725500,2023-08-11,3438.10,3466.65,3414.00,3448.80,1679974
1691984700,2023-08-14,3440.70,3455.00,3411.00,3449.85,1190425
1692157500,2023-08-16,3450.00,3466.00,3435.20,3458.40,1328445
1692243900,2023-08-17,3455.00,3460.80,3413.20,3435.75,1843241
1692330300,2023-08-18,3410.00,3410.00,3356.50,3367.10,2526749
1692589500,2023-08-21,3375.00,3409.75,3372.00,3401.65,1375579
1692675900,2023-08-22,3400.00,3411.00,3365.05,3382.15,1222012
1692762300,2023-08-23,3388.00,3402.00,3376.00,3398.25,1330046
1692848700,2023-08-24,3408.00,3413.05,3378.10,3387.75,1152881
1692935100,2023-08-25,3375.00,3385.80,3350.25,3381.30,1158046
1693194300,2023-08-28,3394.00,3394.00,3360.10,3375.55,1037485
1693280700,2023-08-29,3381.05,3389.55,3365.00,3376.15,944517
1693367100,2023-08-30,3398.00,3408.10,3383.05,3390.95,1188200
1693453500,2023-08-31,3401.00,3417.40,3343.65,3356.80,3417652
1693539900,2023-09-01,3366.00,3389.00,3356.80,3379.20,1277950
1693799100,2023-09-04,3378.00,3432.85,3370.05,3418.50,1828332
1693885500,2023-09-05,3420.00,3447.00,3405.15,3429.35,1501842
1693971900,2023-09-06,3434.00,3443.90,3398.10,3429.90,1314818
1694058300,2023-09-07,3430.80,3460.00,3422.30,3455.25,1885092
1694144700,2023-09-08,3455.25,3465.00,3435.05,3441.90,1518917
1694403900,2023-09-11,3462.00,3485.70,3445.00,3480.65,1783604
1694490300,2023-09-12,3492.00,3589.90,3483.00,3580.80,4476016
1694576700,2023-09-13,3571.10,3588.85,3545.00,3567.85,1754929
1694663100,2023-09-14,3570.05,3597.70,3545.60,3560.05,2604721
1694749500,2023-09-15,3567.85,3607.35,3562.45,3598.30,2952897
1695008700,2023-09-18,3580.05,3619.30,3575.25,3606.15,1395753
1695181500,2023-09-20,3580.00,3625.00,3580.00,3606.05,1649396
1695267900,2023-09-21,3588.55,3605.00,3528.00,3585.30,2004073
1695354300,2023-09-22,3584.00,3633.75,3565.05,3603.65,1989083
1695613500,2023-09-25,3602.50,3620.00,3558.65,3577.15,1238778
1695699900,2023-09-26,3567.60,3594.95,3536.00,3585.70,1726062
1695786300,2023-09-27,3590.00,3614.00,3555.70,3589.30,1541134
1695872700,2023-09-28,3600.00,3602.80,3527.35,3536.75,1755753
1695959100,2023-09-29,3537.20,3568.45,3505.55,3528.60,2243791
1696304700,2023-10-03,3534.20,3534.20,3480.10,3513.85,1948148
1696391100,2023-10-04,3486.30,3548.00,3477.30,3537.75,1788138
1696477500,2023-10-05,3554.00,3624.00,3551.20,3589.35,2990768
1696563900,2023-10-06,3591.00,3634.95,3575.05,3621.40,2075691
1696823100,2023-10-09,3645.05,3679.00,3631.00,3638.35,4233074
1696909500,2023-10-10,3640.05,3648.00,3601.35,3628.90,1848148
1696995900,2023-10-11,3650.00,3650.00,3605.00,3609.90,2426417
1697082300,2023-10-12,3575.00,3588.65,3538.10,3542.55,4241281
1697168700,2023-10-13,3530.00,3577.00,3525.00,3570.85,2890357
1697427900,2023-10-16,3566.00,3574.65,3519.10,3524.05,1671104
1697514300,2023-10-17,3530.00,3534.15,3503.35,3507.05,1672065
1697600700,2023-10-18,3511.00,3522.70,3484.00,3487.25,1408245
1697687100,2023-10-19,3469.50,3476.85,3451.90,3455.65,1514545
1697773500,2023-10-20,3450.40,3499.50,3444.05,3494.55,1481211
1698032700,2023-10-23,3473.00,3478.95,3401.30,3410.15,1106272
1698205500,2023-10-25,3390.50,3425.00,3377.20,3390.10,1518537
1698291900,2023-10-26,3368.05,3373.70,3330.00,3336.75,1984471
1698378300,2023-10-27,3350.00,3362.00,3337.00,3350.95,1108851
1698637500,2023-10-30,3350.00,3382.85,3333.75,3378.55,910972
1698723900,2023-10-31,3399.00,3399.00,3350.05,3368.75,999811
1698810300,2023-11-01,3355.00,3371.60,3311.00,3330.65,1563475
1698896700,2023-11-02,3343.20,3375.95,3343.20,3360.10,1245384
1698983100,2023-11-03,3382.00,3387.90,3344.30,3350.90,1402598
1699242300,2023-11-06,3375.00,3392.30,3359.00,3380.25,1099852
1699328700,2023-11-07,3378.00,3404.15,3366.00,3370.45,1191144
1699415100,2023-11-08,3371.45,3401.95,3369.55,3381.55,992899
1699501500,2023-11-09,3390.10,3391.50,3342.05,3347.45,2112352
1699587900,2023-11-10,3338.00,3347.45,3322.35,3333.45,1338557
1699847100,2023-11-13,3356.00,3356.00,3327.00,3331.55,1030990
1700019900,2023-11-15,3383.10,3413.00,3356.05,3404.30,2059802
1700106300,2023-11-16,3430.05,3529.35,3414.20,3497.85,3951984
1700192700,2023-11-17,3497.85,3524.50,3492.55,3502.45,2021292
1700451900,2023-11-20,3491.25,3533.90,3491.25,3519.60,1475621
1700538300,2023-11-21,3519.60,3539.05,3501.00,3510.20,1807236
1700624700,2023-11-22,3500.00,3532.65,3481.10,3530.15,1798051
1700711100,2023-11-23,3530.00,3544.00,3500.00,3508.25,2729804
1700797500,2023-11-24,3494.25,3504.55,3453.00,3457.10,1989733
1701143100,2023-11-28,3457.10,3481.25,3433.00,3470.15,1689195
1701229500,2023-11-29,3481.00,3518.00,3475.80,3513.75,1441634
1701315900,2023-11-30,3499.45,3516.65,3481.00,3487.60,3266235
1701402300,2023-12-01,3500.00,3516.95,3490.05,3511.65,1172141
1701661500,2023-12-04,3544.65,3547.80,3498.00,3512.45,1625213
1701747900,2023-12-05,3538.00,3538.00,3502.80,3531.60,1377656
1701834300,2023-12-06,3532.60,3612.85,3525.15,3604.10,1896572
1701920700,2023-12-07,3605.00,3630.55,3591.70,3614.90,1967653
1702007100,2023-12-08,3633.00,3645.00,3602.05,3626.70,1641155
1702266300,2023-12-11,3622.90,3653.00,3615.00,3642.90,1102503
1702352700,2023-12-12,3638.95,3698.40,3631.00,3672.10,2236866
1702439100,2023-12-13,3643.55,3650.00,3563.00,3593.55,3850968
1702525500,2023-12-14,3630.00,3678.00,3627.60,3667.25,3290396
1702611900,2023-12-15,3666.70,3895.95,3666.70,3861.00,8531230
1702871100,2023-12-18,3858.10,3929.00,3830.15,3859.20,2521612
1702957500,2023-12-19,3845.00,3855.10,3790.00,3816.20,2004435
1703043900,2023-12-20,3827.25,3898.80,3766.55,3780.05,2586083
1703130300,2023-12-21,3756.25,3806.70,3743.35,3787.50,1517562
1703216700,2023-12-22,3800.00,3845.95,3762.00,3824.00,2413058
1703562300,2023-12-26,3819.85,3834.00,3790.15,3795.55,1285231
1703648700,2023-12-27,3799.00,3818.20,3768.00,3811.20,1293976
1703735100,2023-12-28,3824.00,3838.00,3792.10,3799.90,1682889
1703821500,2023-12-29,3792.00,3822.60,3765.40,3793.40,1574996
1704080700,2024-01-01,3790.00,3832.00,3773.00,3811.10,825907
1704167100,2024-01-02,3811.10,3811.10,3767.25,3783.20,1344068
1704253500,2024-01-03,3767.00,3771.85,3687.05,3691.75,1803075
1704339900,2024-01-04,3701.75,3719.00,3651.00,3666.80,3598144
1704426300,2024-01-05,3675.00,3747.75,3674.85,3737.90,1963127
1704685500,2024-01-08,3737.90,3739.75,3672.40,3678.30,1067805
1704771900,2024-01-09,3709.95,3752.35,3682.75,3689.90,1370944
1704858300,2024-01-10,3690.00,3729.25,3688.00,3713.05,1292227
1704944700,2024-01-11,3724.00,3773.00,3707.00,3735.55,1777909
1705031100,2024-01-12,3848.00,3905.25,3821.60,3882.80,6813450
1705290300,2024-01-15,3960.00,3965.00,3885.00,3903.80,2801505
1705376700,2024-01-16,3899.00,3899.00,3855.55,3861.30,1432672
1705463100,2024-01-17,3819.00,3909.95,3812.55,3884.60,3458696
1705549500,2024-01-18,3898.00,3908.80,3862.00,3902.60,2239110
1705635900,2024-01-19,3945.00,3963.55,3915.05,3943.05,2941975
1705981500,2024-01-23,3900.00,3933.90,3842.75,3858.25,2618854
1706067900,2024-01-24,3880.00,3883.65,3805.60,3841.80,2657709
1706154300,2024-01-25,3839.90,3861.00,3778.70,3810.30,2205154
1706499900,2024-01-29,3800.80,3820.00,3780.85,3801.00,1646747
1706586300,2024-01-30,3807.45,3847.80,3787.00,3800.55,1411621
1706672700,2024-01-31,3811.20,3834.00,3796.45,3815.95,2459358
1706759100,2024-02-01,3820.00,3904.90,3805.05,3854.15,2363107
1706845500,2024-02-02,3875.05,3984.40,3872.00,3966.30,2826510
1707104700,2024-02-05,3983.00,4022.00,3962.10,3973.30,1691523
1707191100,2024-02-06,3997.00,4149.90,3990.00,4136.00,4474396
1707277500,2024-02-07,4153.00,4155.00,4073.95,4083.40,2124267
1707363900,2024-02-08,4090.00,4158.00,4086.05,4134.10,2345173
1707450300,2024-02-09,4136.55,4184.75,4100.00,4133.70,2100596
1707709500,2024-02-12,4130.00,4159.60,4105.55,4120.70,1013716
1707795900,2024-02-13,4125.45,4170.00,4081.50,4149.50,1257415
1707882300,2024-02-14,4107.00,4114.90,4049.50,4100.10,1391283
1707968700,2024-02-15,4128.00,4146.30,4083.00,4103.20,1091582
1708055100,2024-02-16,4113.25,4147.95,4100.10,4128.30,1307556
1708314300,2024-02-19,4123.05,4128.30,4055.00,4103.80,772291
1708400700,2024-02-20,4082.10,4098.00,4010.00,4030.65,1193648
1708487100,2024-02-21,4013.00,4063.35,3980.60,3991.50,1885939
1708573500,2024-02-22,3971.00,4094.95,3971.00,4087.10,2982052
1708659900,2024-02-23,4130.00,4130.00,4046.40,4052.10,2538072
1708919100,2024-02-26,4036.00,4050.00,3982.75,4001.05,1379284
1709005500,2024-02-27,3999.00,4124.00,3999.00,4104.40,2960475
1709091900,2024-02-28,4095.60,4154.90,4089.00,4118.95,1939225
1709178300,2024-02-29,4099.00,4138.10,4064.55,4095.10,3772719
1709264700,2024-03-01,4107.20,4140.00,4086.80,4094.35,2043265
1709523900,2024-03-04,4105.00,4117.90,4075.90,4080.70,1749271
1709610300,2024-03-05,4062.00,4064.00,3980.00,4012.10,2070859
1709696700,2024-03-06,3994.05,4072.00,3958.45,4064.30,1744204
1709783100,2024-03-07,4065.00,4124.00,4037.70,4108.60,2688905
1710128700,2024-03-11,4089.00,4153.00,4089.00,4122.35,2304068
1710215100,2024-03-12,4122.35,4229.95,4121.05,4192.25,4039801
1710301500,2024-03-13,4205.00,4241.00,4131.90,4149.00,2837260
1710387900,2024-03-14,4153.45,4225.00,4086.00,4207.60,2919608
1710474300,2024-03-15,4192.60,4239.00,4177.00,4219.25,3373143
1710733500,2024-03-18,4215.25,4254.75,4117.85,4152.50,1526904
1710819900,2024-03-19,4051.25,4058.00,3966.60,3977.30,8931209
1710906300,2024-03-20,3986.00,4018.00,3960.20,3970.90,1817913
1710992700,2024-03-21,3990.05,4008.40,3948.00,3972.95,3829582
1711079100,2024-03-22,3897.00,3938.00,3855.00,3910.90,5852485
1711424700,2024-03-26,3875.00,3946.70,3871.45,3877.50,3440925
1711511100,2024-03-27,3888.50,3895.00,3829.40,3840.90,1968575
1711597500,2024-03-28,3850.10,3915.00,3840.50,3876.30,4311783
1711943100,2024-04-01,3897.70,3933.30,3888.05,3916.75,1569676
1712029500,2024-04-02,3890.00,3909.85,3873.00,3883.80,2142666
1712115900,2024-04-03,3851.00,3981.00,3851.00,3947.30,3973090
1712202300,2024-04-04,3975.90,4028.65,3935.25,4003.30,3394637
1712288700,2024-04-05,3978.00,4002.00,3960.50,3979.25,1636819
1712547900,2024-04-08,3983.00,4032.65,3960.00,3972.55,2302538
1712634300,2024-04-09,3984.00,4015.85,3925.05,3946.55,1876992
1712720700,2024-04-10,3956.40,3990.20,3918.00,3984.65,2101965
1712893500,2024-04-12,3971.00,4013.35,3945.50,4001.40,4354821
1713152700,2024-04-15,4001.40,4064.20,3919.05,3941.20,4200329
1713239100,2024-04-16,3902.00,3928.70,3862.85,3872.80,3051420
1713411900,2024-04-18,3876.80,3936.00,3850.00,3862.00,3476284
1713498300,2024-04-19,3838.00,3852.55,3800.90,3826.20,2957749
1713757500,2024-04-22,3837.00,3878.00,3812.00,3864.60,1728883
1713843900,2024-04-23,3877.05,3895.00,3860.60,3874.70,1807586
1713930300,2024-04-24,3890.00,3898.00,3824.45,3831.05,1317312
1714016700,2024-04-25,3811.20,3873.65,3811.00,3852.20,2856271
1714103100,2024-04-26,3855.15,3876.80,3802.55,3821.35,2039178
1714362300,2024-04-29,3838.00,3877.80,3819.20,3870.20,1110693
1714448700,2024-04-30,3872.00,3881.75,3810.00,3820.65,2203078
1714621500,2024-05-02,3778.05,3871.10,3778.05,3863.30,2491044
1714707900,2024-05-03,3890.15,3893.60,3797.60,3843.40,2962234
1714967100,2024-05-06,3853.00,3939.95,3853.00,3921.05,2053831
1715053500,2024-05-07,3930.80,3988.00,3913.50,3978.95,2062112
1715139900,2024-05-08,3961.00,3984.30,3938.60,3976.95,1247685
1715226300,2024-05-09,3962.00,3971.00,3910.05,3960.20,1726486
1715312700,2024-05-10,3962.60,3973.60,3885.05,3893.90,1672489
1715571900,2024-05-13,3884.50,3955.00,3870.00,3947.80,931326
1715658300,2024-05-14,3936.00,3945.80,3892.90,3901.20,1058317
1715744700,2024-05-15,3904.50,3926.95,3875.50,3880.40,1115021
1715831100,2024-05-16,3891.10,3909.50,3843.50,3900.95,2599399
1715917500,2024-05-17,3919.00,3920.00,3830.00,3834.10,2765804
1716263100,2024-05-21,3830.60,3844.75,3810.05,3820.20,1908117
1716349500,2024-05-22,3835.00,3841.25,3817.55,3832.00,1311168
1716435900,2024-05-23,3840.95,3905.00,3825.50,3893.45,2095742
1716522300,2024-05-24,3878.25,3883.80,3844.30,3849.50,1309452
1716781500,2024-05-27,3855.00,3908.35,3841.35,3847.05,1841538
1716867900,2024-05-28,3858.00,3870.00,3830.00,3839.90,1801993
1716954300,2024-05-29,3848.90,3848.90,3800.00,3803.65,1568095
1717040700,2024-05-30,3777.00,3794.40,3715.45,3736.10,2919230
1717127100,2024-05-31,3740.00,3749.80,3653.75,3670.95,10956800
1717386300,2024-06-03,3732.80,3751.55,3696.00,3702.85,2156773
1717472700,2024-06-04,3700.00,3745.00,3591.50,3715.00,3395997
1717559100,2024-06-05,3716.00,3783.80,3700.00,3746.45,2799670
1717645500,2024-06-06,3781.00,3839.90,3741.50,3830.40,4328036
1717731900,2024-06-07,3837.30,3915.00,3837.30,3893.95,4552445
1717991100,2024-06-10,3895.00,3905.90,3841.90,3858.70,1734661
1718077500,2024-06-11,3845.00,3879.95,3841.00,3852.10,1419898
1718163900,2024-06-12,3874.40,3893.50,3827.45,3831.65,2177001
1718250300,2024-06-13,3856.80,3890.00,3852.00,3878.15,1932323
1718336700,2024-06-14,3889.00,3889.00,3828.00,3832.05,1860730
1718682300,2024-06-18,3826.05,3842.00,3795.05,3815.10,1774045
1718768700,2024-06-19,3827.65,3833.85,3792.95,3801.70,1509050
1718855100,2024-06-20,3796.00,3809.95,3780.05,3787.25,2846526
1718941500,2024-06-21,3827.00,3877.80,3798.05,3810.75,4642195
1719200700,2024-06-24,3808.75,3857.00,3791.30,3816.80,1702154
1719287100,2024-06-25,3817.00,3847.65,3792.90,3838.45,1338808
1719373500,2024-06-26,3844.50,3866.95,3841.00,3855.85,1639845
1719459900,2024-06-27,3831.00,3942.00,3818.10,3934.15,4526556
1719546300,2024-06-28,3917.80,3960.00,3897.85,3904.15,2731571
1719805500,2024-07-01,3884.00,4001.70,3884.00,3978.20,2658723
1719891900,2024-07-02,3993.60,4023.40,3982.55,4017.40,2307449
1719978300,2024-07-03,4020.00,4026.10,3955.00,3965.25,1821198
1720064700,2024-07-04,3999.85,4047.35,3982.10,4020.95,2518001
1720151100,2024-07-05,4010.00,4026.75,3988.00,4011.80,1668616
1720410300,2024-07-08,4022.00,4031.25,3978.05,3993.20,1758882
1720496700,2024-07-09,3985.00,4006.95,3975.10,3985.50,1305801
1720583100,2024-07-10,3983.70,4003.30,3902.00,3909.15,2669716
1720669500,2024-07-11,3931.00,3980.00,3895.60,3923.70,4872189
1720755900,2024-07-12,3980.00,4199.95,3971.30,4183.95,13509164
1721015100,2024-07-15,4235.70,4240.00,4157.05,4169.20,4848030
1721101500,2024-07-16,4172.00,4194.55,4144.90,4178.45,2029521
1721274300,2024-07-18,4160.00,4325.00,4160.00,4315.55,5613364
1721360700,2024-07-19,4317.40,4358.75,4285.25,4302.40,3903354
1721619900,2024-07-22,4299.95,4319.95,4265.00,4287.35,1896386
1721706300,2024-07-23,4283.00,4361.70,4266.30,4302.35,2365208
1721792700,2024-07-24,4287.50,4339.10,4268.10,4306.25,1809793
1721879100,2024-07-25,4295.00,4343.00,4274.20,4322.50,2810342
1721965500,2024-07-26,4350.00,4422.45,4337.05,4387.85,3552210
1722224700,2024-07-29,4415.00,4431.00,4371.00,4381.10,1746803
1722311100,2024-07-30,4391.10,4398.00,4327.30,4365.35,1797906
1722397500,2024-07-31,4350.00,4414.00,4345.00,4385.35,2330091
1722483900,2024-08-01,4399.40,4419.30,4365.05,4397.10,2202244
1722570300,2024-08-02,4365.00,4398.00,4270.00,4283.05,2811282
1722829500,2024-08-05,4239.00,4239.00,4110.50,4155.05,2787771
1722915900,2024-08-06,4170.95,4258.25,4160.80,4171.20,2203067
1723002300,2024-08-07,4228.00,4244.95,4180.30,4200.45,1237666
1723088700,2024-08-08,4181.00,4232.00,4160.00,4172.55,2441283
1723175100,2024-08-09,4217.00,4253.65,4205.55,4228.75,1302536
1723434300,2024-08-12,4230.00,4239.00,4186.35,4195.65,936912
1723520700,2024-08-13,4213.00,4234.00,4183.00,4196.95,1495593
1723607100,2024-08-14,4209.00,4306.20,4188.15,4295.25,3226545
1723779900,2024-08-16,4350.00,4427.00,4325.10,4416.05,3457058
1724039100,2024-08-19,4421.00,4494.25,4390.35,4490.00,2055210
1724125500,2024-08-20,4505.00,4565.00,4500.00,4523.30,2212298
1724211900,2024-08-21,4518.00,4560.00,4492.55,4551.50,1896990
1724298300,2024-08-22,4560.00,4560.95,4497.20,4502.00,1829872
1724384700,2024-08-23,4500.00,4506.00,4455.00,4463.90,1809253
1724643900,2024-08-26,4489.00,4552.15,4485.00,4502.45,1844164
1724730300,2024-08-27,4505.00,4510.00,4486.80,4497.15,930697
1724816700,2024-08-28,4498.75,4562.50,4457.30,4506.05,1848058
1724903100,2024-08-29,4460.00,4556.00,4460.00,4511.80,2133641
1724989500,2024-08-30,4500.00,4592.25,4487.80,4553.75,3637222
1725248700,2024-09-02,4576.00,4588.00,4512.00,4521.05,1216500
1725335100,2024-09-03,4521.05,4555.90,4495.90,4512.35,1717263
1725421500,2024-09-04,4476.95,4487.00,4436.70,4479.25,1265505
1725507900,2024-09-05,4481.00,4499.00,4454.15,4475.95,1688793
1725594300,2024-09-06,4473.95,4518.95,4440.00,4456.75,1649179
1725853500,2024-09-09,4455.00,4490.25,4430.50,4449.55,1184938
1725939900,2024-09-10,4442.45,4539.95,4440.45,4507.85,1385591
1726026300,2024-09-11,4521.45,4549.35,4471.25,4479.35,1325919
1726112700,2024-09-12,4510.25,4532.60,4431.30,4517.70,2742216
1726199100,2024-09-13,4530.00,4547.00,4505.00,4522.60,1458786
1726458300,2024-09-16,4527.00,4546.05,4494.45,4513.25,1155120
1726544700,2024-09-17,4513.25,4535.80,4466.00,4505.65,1699364
1726631100,2024-09-18,4497.05,4497.05,4321.00,4346.15,2961779
1726717500,2024-09-19,4390.05,4422.20,4281.80,4296.15,2927551
1726803900,2024-09-20,4316.90,4330.70,4227.50,4284.90,5447908
1727063100,2024-09-23,4300.00,4309.40,4253.00,4268.50,1702319
1727149500,2024-09-24,4251.65,4291.00,4240.00,4271.30,3012026
1727235900,2024-09-25,4252.35,4289.60,4240.00,4274.75,2713073
1727322300,2024-09-26,4260.00,4316.80,4260.00,4292.50,3964251
1727408700,2024-09-27,4335.00,4378.00,4300.05,4308.70,3012477
1727667900,2024-09-30,4286.90,4298.75,4260.05,4268.50,2503416
1727754300,2024-10-01,4255.55,4295.75,4242.95,4287.90,1823365
1727927100,2024-10-03,4262.60,4279.00,4210.00,4232.75,3350119
1728013500,2024-10-04,4225.00,4298.00,4224.05,4252.25,2965463
1728272700,2024-10-07,4273.90,4297.25,4229.40,4272.85,1472619
1728359100,2024-10-08,4272.60,4279.40,4203.95,4253.25,1541867
1728445500,2024-10-09,4260.00,4295.00,4246.70,4252.95,1082504
1728531900,2024-10-10,4253.25,4293.85,4198.60,4227.40,2378875
1728618300,2024-10-11,4143.00,4241.95,4112.45,4149.20,5759183
1728877500,2024-10-14,4140.00,4165.40,4122.20,4136.65,2137590
1728963900,2024-10-15,4131.05,4169.95,4095.00,4116.80,2759474
1729050300,2024-10-16,4085.00,4115.00,4067.20,4094.95,2359151
1729136700,2024-10-17,4112.80,4129.95,4092.95,4109.00,2522659
1729223100,2024-10-18,4090.00,4146.15,4080.00,4123.05,2361000
1729482300,2024-10-21,4132.60,4139.95,4070.00,4079.85,1595450
1729568700,2024-10-22,4066.00,4089.80,4006.35,4015.50,1928049
1729655100,2024-10-23,3999.60,4113.55,3995.15,4066.25,1966476
1729741500,2024-10-24,4004.00,4079.00,4004.00,4047.90,2676744
1729827900,2024-10-25,4057.05,4092.00,4032.70,4057.55,1759676
1730087100,2024-10-28,4068.95,4134.00,4051.00,4090.85,1532534
1730173500,2024-10-29,4095.85,4103.50,4060.10,4075.25,1445885
1730259900,2024-10-30,4075.00,4107.00,4060.05,4084.65,1935002
1730346300,2024-10-31,4070.00,4078.30,3960.00,3968.45,3740372
1730432700,2024-11-01,3989.85,3998.95,3976.05,3984.20,154895
1730691900,2024-11-04,3966.30,3991.90,3913.25,3964.15,2269192
1730778300,2024-11-05,3941.10,3986.00,3941.10,3971.35,967590
1730864700,2024-11-06,4003.60,4149.80,3975.25,4139.65,3792017
1730951100,2024-11-07,4169.70,4205.80,4085.05,4150.90,3724349
1731037500,2024-11-08,4155.00,4169.75,4117.65,4147.00,1648039
1731296700,2024-11-11,4128.20,4234.30,4117.65,4198.70,1406487
1731383100,2024-11-12,4216.00,4218.00,4164.35,4197.40,1587640
1731469500,2024-11-13,4178.10,4196.75,4131.05,4150.35,1098813
1731555900,2024-11-14,4135.00,4160.00,4116.45,4145.90,1825432
1731901500,2024-11-18,4213.00,4213.00,3990.20,4019.50,3313944
1731987900,2024-11-19,4019.90,4132.15,4014.10,4039.55,1776233
1732160700,2024-11-21,4044.90,4092.45,4024.00,4072.85,2384347
1732247100,2024-11-22,4071.00,4254.95,4054.00,4244.60,3096553
1732506300,2024-11-25,4280.00,4328.10,4252.20,4315.10,4052167
1732592700,2024-11-26,4321.05,4366.60,4310.00,4352.70,2060669
1732679100,2024-11-27,4358.95,4377.40,4324.05,4332.55,1558993
1732765500,2024-11-28,4319.00,4339.95,4233.00,4244.90,2558544
1732851900,2024-11-29,4220.00,4298.70,4195.65,4270.85,2017425
1733111100,2024-12-02,4270.00,4288.20,4230.05,4276.65,1670944
1733197500,2024-12-03,4314.35,4325.00,4265.45,4302.75,2010905
1733283900,2024-12-04,4313.55,4386.95,4289.05,4354.40,3302642
1733370300,2024-12-05,4400.80,4489.00,4360.00,4464.05,3746747
1733456700,2024-12-06,4453.00,4465.00,4412.75,4445.50,1842087
1733715900,2024-12-09,4430.45,4469.40,4415.55,4452.15,2066639
1733802300,2024-12-10,4426.15,4493.80,4412.10,4432.55,2087828
1733888700,2024-12-11,4431.85,4448.65,4407.00,4427.45,1635256
1733975100,2024-12-12,4430.05,4485.00,4426.00,4454.95,1914642
1734061500,2024-12-13,4434.95,4494.90,4394.40,4473.90,1967048
1734320700,2024-12-16,4459.00,4475.00,4397.00,4415.20,1646224
1734407100,2024-12-17,4410.00,4432.95,4318.00,4328.50,3225027
1734493500,2024-12-18,4311.70,4362.00,4289.60,4347.85,1575404
1734579900,2024-12-19,4282.00,4364.00,4262.00,4271.90,3015763
1734666300,2024-12-20,4329.00,4382.00,4152.50,4170.30,4116989
1734925500,2024-12-23,4200.05,4217.00,4114.90,4158.30,2195338
1735011900,2024-12-24,4158.30,4218.00,4158.30,4179.50,1181886
1735184700,2024-12-26,4179.50,4199.95,4143.15,4169.10,1208464
1735271100,2024-12-27,4163.00,4180.95,4147.25,4164.85,858100
1735530300,2024-12-30,4151.00,4199.30,4112.00,4158.80,1527169
1735616700,2024-12-31,4135.00,4139.95,4032.05,4094.80,1555429
1735703100,2025-01-01,4094.40,4134.00,4085.45,4112.45,763161
1735789500,2025-01-02,4120.00,4183.00,4096.95,4175.75,1720835
1735875900,2025-01-03,4179.95,4179.95,4092.30,4099.90,1791953
1736135100,2025-01-06,4105.50,4149.65,4066.40,4095.00,2085593
1736221500,2025-01-07,4114.95,4140.35,4011.55,4028.30,2669054
1736307900,2025-01-08,4034.90,4126.00,4017.75,4108.40,2181277
1736394300,2025-01-09,4101.00,4137.75,4025.30,4038.85,2392472
1736480700,2025-01-10,4200.00,4297.00,4170.00,4265.65,7894300
1736739900,2025-01-13,4245.00,4322.95,4227.40,4291.10,4003771
1736826300,2025-01-14,4302.00,4313.90,4219.05,4233.05,3441709
1736912700,2025-01-15,4218.00,4256.45,4207.45,4249.60,1653474
1736999100,2025-01-16,4260.00,4294.00,4191.85,4206.30,2637705
1737085500,2025-01-17,4159.90,4160.60,4100.05,4124.30,1761466
1737344700,2025-01-20,4145.80,4145.80,4068.10,4077.80,1287799
1737431100,2025-01-21,4095.30,4111.00,4030.00,4035.85,1971591
1737517500,2025-01-22,4050.00,4163.15,4044.20,4156.60,2409223
1737603900,2025-01-23,4168.00,4191.35,4140.05,4145.45,1822998
1737690300,2025-01-24,4104.00,4178.00,4104.00,4152.35,1910099
1737949500,2025-01-27,4102.00,4156.35,4041.05,4065.15,1551782
1738035900,2025-01-28,4070.80,4102.00,4028.30,4040.30,2468272
1738122300,2025-01-29,4054.00,4107.85,4054.00,4099.80,1217089
1738208700,2025-01-30,4099.90,4129.90,4058.50,4100.05,1531251
1738295100,2025-01-31,4110.00,4128.45,4085.25,4112.40,1492943
1738381500,2025-02-01,4113.00,4135.90,4056.00,4073.15,437172
1738554300,2025-02-03,4030.90,4077.00,3998.70,4068.65,1265713
1738640700,2025-02-04,4083.70,4118.85,4066.05,4107.05,2547132
1738727100,2025-02-05,4150.00,4150.00,4076.00,4091.10,1693912
1738813500,2025-02-06,4105.40,4139.50,4051.55,4082.75,2284536
1738899900,2025-02-07,4090.00,4090.00,4008.00,4029.40,1548940
1739159100,2025-02-10,4040.00,4052.00,4014.35,4036.95,1339511
1739245500,2025-02-11,4018.40,4040.00,3955.00,3963.55,1810908
1739331900,2025-02-12,3971.10,4021.75,3940.15,3950.15,1678002
1739418300,2025-02-13,3968.00,3984.45,3902.25,3910.15,2277310
1739504700,2025-02-14,3925.00,3948.00,3900.00,3934.85,1681975
1739763900,2025-02-17,3856.50,3934.00,3856.20,3904.50,1799806
1739850300,2025-02-18,3898.40,3924.40,3864.50,3873.20,2149879
1739936700,2025-02-19,3872.20,3874.95,3768.15,3784.10,4366672
1740023100,2025-02-20,3761.50,3788.00,3751.30,3779.40,2888572
1740109500,2025-02-21,3776.10,3817.00,3775.00,3786.00,1833931
1740368700,2025-02-24,3743.15,3763.20,3670.00,3675.60,2508516
1740455100,2025-02-25,3625.00,3658.00,3621.25,3629.55,4101954
1740627900,2025-02-27,3611.70,3638.00,3600.70,3612.55,3823856
1740714300,2025-02-28,3584.95,3600.00,3457.00,3483.25,7085018
1740973500,2025-03-03,3485.00,3523.25,3476.15,3493.05,4990439
1741059900,2025-03-04,3474.00,3551.00,3464.30,3532.05,2797737
1741146300,2025-03-05,3520.85,3600.35,3520.85,3547.05,2501894
1741232700,2025-03-06,3557.00,3609.45,3536.10,3601.60,2786513
1741319100,2025-03-07,3600.00,3625.00,3574.40,3611.20,2051315
1741578300,2025-03-10,3606.50,3622.10,3582.60,3589.65,1004626
1741664700,2025-03-11,3558.00,3588.75,3537.65,3575.30,1995450
1741751100,2025-03-12,3565.00,3569.25,3486.85,3506.20,3174167
1741837500,2025-03-13,3502.30,3524.30,3484.10,3511.05,1693004
1742183100,2025-03-17,3489.00,3530.45,3477.35,3497.70,2690906
1742355900,2025-03-19,3547.00,3547.00,3462.75,3497.10,3051244
1742442300,2025-03-20,3512.00,3578.95,3512.00,3563.15,2845192
1742528700,2025-03-21,3475.00,3616.25,3465.00,3578.10,4161925
1742787900,2025-03-24,3600.00,3649.75,3566.60,3628.95,1834751
1742874300,2025-03-25,3645.00,3710.00,3638.00,3657.75,3135390
1742960700,2025-03-26,3647.75,3680.50,3625.85,3635.80,1734499
1743047100,2025-03-27,3614.85,3663.00,3610.50,3651.20,2528474
1743133500,2025-03-28,3651.00,3660.95,3591.90,3606.15,2051919
1743479100,2025-04-01,3572.70,3584.00,3525.00,3550.80,2618493
1743565500,2025-04-02,3544.00,3564.10,3530.05,3543.95,1764313
1743651900,2025-04-03,3491.00,3502.00,3396.15,3403.15,4537821
1743738300,2025-04-04,3362.60,3399.65,3295.50,3299.40,5317367
1743997500,2025-04-07,3100.00,3291.40,3056.05,3274.05,6623955
1744083900,2025-04-08,3302.05,3349.00,3255.30,3292.95,5557558
1744170300,2025-04-09,3260.55,3270.00,3212.05,3246.60,2990265
1744343100,2025-04-11,3289.55,3298.95,3206.00,3231.50,7108961
1744688700,2025-04-15,3314.40,3314.40,3238.60,3248.20,3512160
1744775100,2025-04-16,3248.20,3278.10,3229.00,3273.80,2384391
1744861500,2025-04-17,3245.50,3303.60,3218.00,3298.90,2932346
1745207100,2025-04-21,3290.10,3354.00,3284.10,3321.60,2432946
1745293500,2025-04-22,3322.60,3333.90,3295.00,3314.40,2710498
1745379900,2025-04-23,3365.00,3420.90,3337.30,3413.00,3543923
1745466300,2025-04-24,3401.10,3412.50,3387.70,3401.60,2252175
1745552700,2025-04-25,3420.00,3477.80,3405.00,3448.00,2742991
1745811900,2025-04-28,3435.00,3457.80,3405.00,3443.50,1593296
1745898300,2025-04-29,3455.00,3495.00,3430.40,3472.50,1578332
1745984700,2025-04-30,3472.00,3509.90,3366.00,3453.70,2809332
1746157500,2025-05-02,3472.00,3491.50,3420.00,3431.00,1721761
1746416700,2025-05-05,3450.00,3504.50,3446.40,3454.30,1284443
1746503100,2025-05-06,3460.00,3473.00,3437.00,3460.00,1324763
1746589500,2025-05-07,3420.60,3459.50,3420.60,3445.10,1477128
1746675900,2025-05-08,3448.00,3477.00,3428.70,3448.90,2543591
1746762300,2025-05-09,3399.00,3446.20,3398.10,3440.30,2531757
1747021500,2025-05-12,3505.00,3630.50,3502.20,3620.40,2228678
1747107900,2025-05-13,3620.40,3623.00,3510.50,3515.00,3062887
1747194300,2025-05-14,3521.00,3561.00,3508.60,3548.70,2119499
1747280700,2025-05-15,3564.00,3600.00,3514.10,3579.90,3548330
1747367100,2025-05-16,3593.90,3593.90,3546.10,3561.30,1666727
1747626300,2025-05-19,3550.00,3550.00,3503.70,3518.80,2537377
1747712700,2025-05-20,3531.80,3558.00,3494.00,3498.30,2038374
1747799100,2025-05-21,3508.00,3537.00,3498.30,3525.80,1440153
1747885500,2025-05-22,3495.00,3497.80,3451.30,3477.00,2034383
1747971900,2025-05-23,3477.00,3535.00,3465.60,3514.60,1274331
1748231100,2025-05-26,3521.00,3545.00,3510.10,3537.30,967470
1748317500,2025-05-27,3532.00,3540.00,3483.10,3498.70,2467680
1748403900,2025-05-28,3520.00,3529.00,3493.00,3497.70,1222933
1748490300,2025-05-29,3504.70,3532.50,3486.50,3498.10,3188072
1748576700,2025-05-30,3490.00,3506.70,3453.10,3463.40,3404365
1748835900,2025-06-02,3450.00,3460.00,3418.60,3449.80,1877585
1748922300,2025-06-03,3446.00,3473.50,3400.50,3405.20,2848125
1749008700,2025-06-04,3389.00,3394.80,3370.00,3380.90,2544807
1749095100,2025-06-05,3409.00,3409.00,3363.70,3371.10,3584683
1749181500,2025-06-06,3371.10,3390.90,3358.70,3384.20,2070390
1749440700,2025-06-09,3400.00,3434.00,3390.90,3421.90,1718678
1749527100,2025-06-10,3440.00,3485.80,3423.20,3462.90,2419874
1749613500,2025-06-11,3470.00,3489.00,3449.10,3471.90,2847013
1749699900,2025-06-12,3471.90,3474.70,3423.20,3434.20,4060134
1749786300,2025-06-13,3393.20,3450.50,3393.20,3445.70,2178493
1750045500,2025-06-16,3440.00,3509.00,3426.20,3496.30,1934088
1750131900,2025-06-17,3510.00,3520.00,3488.10,3515.30,2111940
1750218300,2025-06-18,3519.10,3538.00,3443.10,3451.40,2696327
1750304700,2025-06-19,3450.00,3451.00,3413.00,3424.00,2672768
1750391100,2025-06-20,3425.00,3446.30,3410.90,3435.70,2351248
1750650300,2025-06-23,3415.00,3425.00,3370.00,3393.60,3123421
1750736700,2025-06-24,3434.60,3442.10,3382.00,3390.40,3403048
1750823100,2025-06-25,3407.30,3450.00,3400.00,3444.80,1757699
1750909500,2025-06-26,3444.80,3451.40,3415.30,3441.80,2879106
1750995900,2025-06-27,3455.00,3466.40,3431.00,3441.10,1778433
1751255100,2025-06-30,3439.90,3464.90,3430.00,3462.00,1468351
1751341500,2025-07-01,3455.00,3485.00,3413.50,3429.70,2375183
1751427900,2025-07-02,3487.20,3489.90,3420.00,3423.30,3090585
1751514300,2025-07-03,3430.00,3435.30,3397.60,3400.80,2531870
1751600700,2025-07-04,3408.00,3427.00,3390.10,3419.80,1109320
1751859900,2025-07-07,3418.30,3426.10,3408.40,3411.70,1639174
1751946300,2025-07-08,3405.00,3425.00,3393.40,3406.20,2325242
1752032700,2025-07-09,3410.00,3414.00,3367.00,3383.80,2034938
1752119100,2025-07-10,3380.00,3399.00,3356.00,3382.00,3035012
1752205500,2025-07-11,3299.90,3335.00,3261.10,3266.00,7635550
1752464700,2025-07-14,3266.00,3272.00,3200.00,3222.70,3924009
1752551100,2025-07-15,3206.00,3259.40,3206.00,3252.30,2590889
1752637500,2025-07-16,3227.00,3244.90,3220.60,3233.10,2540733
1752723900,2025-07-17,3224.10,3242.00,3204.10,3209.20,2947640
1752810300,2025-07-18,3225.00,3228.80,3187.00,3189.90,3432645
1753069500,2025-07-21,3190.00,3197.60,3152.00,3158.20,3844346
1753155900,2025-07-22,3159.60,3180.10,3154.60,3159.60,3198036
1753242300,2025-07-23,3159.60,3182.00,3157.60,3179.10,1922875
1753328700,2025-07-24,3165.10,3173.70,3140.00,3148.00,2934778
1753415100,2025-07-25,3140.00,3156.90,3125.60,3135.80,2568917
1753674300,2025-07-28,3110.00,3118.00,3069.90,3079.30,3374473
1753760700,2025-07-29,3060.00,3074.00,3041.20,3056.00,4785312
1753847100,2025-07-30,3060.00,3069.00,3047.20,3053.60,2880121
1753933500,2025-07-31,3041.70,3059.80,3015.00,3036.80,2968371
1754019900,2025-08-01,3029.90,3036.80,3000.00,3003.00,2053847
1754279100,2025-08-04,3009.10,3079.40,2991.60,3074.40,2519252
1754365500,2025-08-05,3074.40,3077.50,3042.00,3063.90,1927996
1754451900,2025-08-06,3063.00,3066.80,3026.00,3032.30,1487081
1754538300,2025-08-07,3016.00,3051.60,3010.90,3047.00,2543076
1754624700,2025-08-08,3048.10,3059.80,3025.00,3036.40,2762140
1754883900,2025-08-11,3036.40,3049.90,3021.30,3040.80,1884215
1754970300,2025-08-12,3041.00,3096.40,3026.90,3035.40,3358232
1755056700,2025-08-13,3036.10,3044.40,3028.60,3036.20,2148166
1755143100,2025-08-14,3034.00,3055.90,3019.10,3022.30,3342174
1755488700,2025-08-18,3046.50,3049.00,3003.40,3011.20,2945609
1755575100,2025-08-19,3011.20,3025.00,3011.10,3016.20,2650784
1755661500,2025-08-20,3010.90,3103.40,3010.90,3098.60,4952358
1755747900,2025-08-21,3130.00,3130.00,3083.10,3102.60,3230726
1755834300,2025-08-22,3086.00,3095.70,3050.00,3054.00,1593791
1756093500,2025-08-25,3087.30,3152.00,3077.10,3140.60,3448370
1756179900,2025-08-26,3129.00,3162.00,3120.00,3157.20,5522097
1756352700,2025-08-28,3145.00,3146.50,3086.50,3093.70,3116051
1756439100,2025-08-29,3093.00,3115.00,3077.20,3084.70,2271789
1756698300,2025-09-01,3090.00,3131.10,3090.00,3112.60,1246862
1756784700,2025-09-02,3121.10,3155.00,3103.10,3111.50,2185229
1756871100,2025-09-03,3129.90,3141.90,3088.00,3097.50,1799774
1756957500,2025-09-04,3116.00,3118.00,3090.80,3095.70,1481391
1757043900,2025-09-05,3097.10,3103.40,3028.60,3048.30,2802055
1757303100,2025-09-08,3050.00,3064.90,3016.00,3019.00,2626187
1757389500,2025-09-09,3032.10,3060.00,3030.80,3049.40,2489301
1757475900,2025-09-10,3056.40,3122.70,3053.40,3110.00,2079428
1757562300,2025-09-11,3139.00,3139.00,3110.10,3124.20,2263446
1757648700,2025-09-12,3144.00,3148.70,3121.00,3133.40,1447167
1757907900,2025-09-15,3134.00,3134.00,3096.00,3111.90,1732539
1757994300,2025-09-16,3128.00,3150.00,3109.10,3145.70,2573429
1758080700,2025-09-17,3152.00,3182.40,3142.40,3172.80,2418271
1758167100,2025-09-18,3185.00,3203.00,3161.40,3176.70,2633138
1758253500,2025-09-19,3170.00,3180.50,3144.00,3169.20,4901694
1758512700,2025-09-22,3095.00,3106.90,3065.00,3073.80,3634901
1758599100,2025-09-23,3070.00,3080.70,3052.00,3062.40,3177741
1758685500,2025-09-24,3050.00,3057.00,3033.00,3035.40,1625714
1758771900,2025-09-25,3022.00,3029.60,2951.00,2957.40,4974361
1758858300,2025-09-26,2941.00,2954.80,2891.30,2899.10,3934636
1759117500,2025-09-29,2916.00,2929.30,2894.00,2896.10,3110035
1759203900,2025-09-30,2911.00,2915.30,2885.10,2888.40,2253458
1759290300,2025-10-01,2891.00,2924.80,2866.60,2914.20,1952902
1759463100,2025-10-03,2924.00,2924.00,2891.10,2901.90,2899519
1759722300,2025-10-06,2902.00,2993.60,2895.60,2988.40,2112774
1759808700,2025-10-07,2995.00,3004.50,2955.50,2973.70,3062943
1759895100,2025-10-08,2975.00,3043.00,2968.00,3027.20,4121889
1759981500,2025-10-09,3034.00,3066.00,3020.00,3061.70,3211304
1760067900,2025-10-10,3050.00,3070.00,3006.90,3028.30,8817365
1760327100,2025-10-13,3027.00,3035.50,2998.20,3007.20,2866865
1760413500,2025-10-14,3021.00,3027.20,2955.50,2960.30,3611416
1760499900,2025-10-15,2971.00,2979.70,2951.00,2969.80,4282226
1760586300,2025-10-16,2969.90,2975.00,2943.10,2970.70,3251495
1760672700,2025-10-17,2970.00,2988.80,2955.40,2962.20,4374683
1760931900,2025-10-20,2985.50,3023.00,2978.50,3015.20,3133039
1761018300,2025-10-21,3031.10,3031.80,2996.00,3006.70,310644
1761191100,2025-10-23,3055.00,3098.00,3036.10,3073.20,5564758
1761277500,2025-10-24,3080.00,3090.00,3058.30,3063.20,2684318
1761536700,2025-10-27,3066.50,3094.20,3060.20,3084.90,1946312
1761623100,2025-10-28,3076.00,3090.20,3040.20,3057.90,3470737
1761709500,2025-10-29,3057.90,3076.00,3046.10,3057.60,2895420
1761795900,2025-10-30,3049.10,3063.80,3032.80,3035.30,2241536
1761882300,2025-10-31,3035.00,3067.40,3025.10,3058.00,1868085
1762141500,2025-11-03,3046.90,3058.00,3010.00,3016.80,2194877
1762227900,2025-11-04,3019.60,3029.30,2976.00,2990.20,2670720
1762400700,2025-11-06,2990.10,3024.00,2990.00,3010.90,2542721
1762487100,2025-11-07,3001.00,3004.00,2960.50,2991.80,1830520
1762746300,2025-11-10,2993.00,3047.90,2992.00,3025.20,1556656
1762832700,2025-11-11,3045.00,3055.70,3018.00,3047.00,2806868
1762919100,2025-11-12,3060.00,3136.40,3057.10,3131.80,4460315
1763005500,2025-11-13,3131.80,3131.90,3102.00,3105.70,1740435
1763091900,2025-11-14,3090.00,3113.10,3077.30,3106.00,2210794
1763351100,2025-11-17,3106.00,3123.50,3086.60,3102.20,2232853
1763437500,2025-11-18,3102.00,3105.00,3078.00,3087.10,2548350
1763523900,2025-11-19,3097.00,3155.00,3083.50,3147.70,3151053
1763610300,2025-11-20,3148.00,3164.50,3138.10,3144.80,2700767
1763696700,2025-11-21,3144.80,3170.00,3135.20,3150.60,4177037
1763955900,2025-11-24,3158.00,3178.90,3131.00,3141.20,6703764
1764042300,2025-11-25,3145.30,3149.80,3115.00,3119.20,2737920
1764128700,2025-11-26,3118.80,3178.00,3117.00,3162.90,2508527
1764215100,2025-11-27,3180.00,3180.00,3125.00,3136.60,2836233
1764301500,2025-11-28,3140.00,3147.30,3125.00,3137.50,1616690
1764560700,2025-12-01,3137.90,3154.00,3122.20,3133.40,1747647
1764647100,2025-12-02,3131.00,3144.00,3120.40,3135.70,2512003
1764733500,2025-12-03,3140.00,3211.90,3139.00,3180.00,3952112
1764819900,2025-12-04,3194.00,3250.00,3187.40,3229.20,5025905
1764906300,2025-12-05,3230.00,3271.60,3222.40,3238.20,5244013
1765165500,2025-12-08,3243.00,3259.90,3208.60,3236.50,2544725
1765251900,2025-12-09,3230.00,3233.70,3181.20,3208.30,2734893
1765338300,2025-12-10,3225.00,3225.00,3178.10,3189.20,1386849
1765424700,2025-12-11,3205.00,3208.40,3153.10,3191.90,1914362
1765511100,2025-12-12,3197.70,3223.00,3185.70,3220.50,1146554
1765770300,2025-12-15,3211.10,3238.20,3197.30,3230.20,1562190
1765856700,2025-12-16,3220.00,3220.00,3191.10,3205.10,1734623
1765943100,2025-12-17,3200.50,3236.90,3200.50,3217.80,1376350
1766029500,2025-12-18,3228.00,3287.80,3221.00,3280.80,2307422
1766115900,2025-12-19,3299.00,3317.90,3278.80,3282.00,3902511
1766375100,2025-12-22,3310.00,3328.60,3291.00,3324.90,2632816
1766461500,2025-12-23,3319.90,3319.90,3293.50,3310.00,2365420
1766547900,2025-12-24,3304.10,3327.10,3296.10,3319.00,1367708
1766720700,2025-12-26,3313.10,3320.00,3271.80,3280.00,1176664
1766979900,2025-12-29,3280.00,3288.00,3242.90,3251.50,2079473
1767066300,2025-12-30,3250.00,3267.50,3239.50,3246.80,2807593
1767152700,2025-12-31,3240.00,3246.00,3198.50,3206.20,3362634
